codigo_ocorrencia3,fator_nome,total_fatores,fator_humano,fator_operacional,fator_material,fator_meteorologico,fator_outro
39115,"APLICAÇÃO DE COMANDOS,JULGAMENTO DE PILOTAGEM,PERCEPÇÃO,PLANEJAMENTO DE VOO,POUCA EXPERIÊNCIA DO PILOTO,PROCESSO DECISÓRIO",6,2,4,0,0,0
39156,"MANUTENÇÃO DE AERONAVE,PLANEJAMENTO GERENCIAL,SUPERVISÃO GERENCIAL",3,0,3,0,0,0
39235,"PLANEJAMENTO DE VOO,POUCA EXPERIÊNCIA DO PILOTO",2,0,2,0,0,0
39275,"APLICAÇÃO DE COMANDOS,CULTURA DO GRUPO DE TRABALHO,CULTURA ORGANIZACIONAL,ESTRESSE,FADIGA,FORMAÇÃO, CAPACITAÇÃO E TREINAMENTO,INSTRUÇÃO,MANUTENÇÃO DE AERONAVE,MEDICAMENTO,ORGANIZAÇÃO DO TRABALHO,PESSOAL DE APOIO,PLANEJAMENTO GERENCIAL,SUPERVISÃO GERENCIAL",13,7,6,0,0,0
39315,"ATITUDE,CONDIÇÕES METEOROLÓGICAS ADVERSAS,CULTURA ORGANIZACIONAL,MOTIVAÇÃO,PESSOAL DE APOIO,PLANEJAMENTO DE VOO,PLANEJAMENTO GERENCIAL,PROCESSO DECISÓRIO,SUPERVISÃO GERENCIAL",9,4,4,0,1,0
39316,"CONDIÇÕES METEOROLÓGICAS ADVERSAS,INFRAESTRUTURA AEROPORTUÁRIA,INSTRUÇÃO,JULGAMENTO DE PILOTAGEM,PLANEJAMENTO DE VOO,SUPERVISÃO GERENCIAL",6,0,5,0,1,0
39318,"ATITUDE,CONDIÇÕES METEOROLÓGICAS ADVERSAS,COORDENAÇÃO DE CABINE,CULTURA DO GRUPO DE TRABALHO,CULTURA ORGANIZACIONAL,JULGAMENTO DE PILOTAGEM,MANUTENÇÃO DE AERONAVE,PROCESSOS ORGANIZACIONAIS,SUPERVISÃO GERENCIAL",9,4,4,0,1,0
39319,"ANSIEDADE,ATENÇÃO,ATITUDE,ESQUECIMENTO DO PILOTO,MOTIVAÇÃO,PLANEJAMENTO DE VOO",6,4,2,0,0,0
39320,"JULGAMENTO DE PILOTAGEM,PLANEJAMENTO DE VOO,SUPERVISÃO GERENCIAL",3,0,3,0,0,0
39321,"APLICAÇÃO DE COMANDOS,INDISCIPLINA DE VOO,JULGAMENTO DE PILOTAGEM",3,0,3,0,0,0
39322,"ATITUDE,CULTURA DO GRUPO DE TRABALHO,CULTURA ORGANIZACIONAL,FORMAÇÃO, CAPACITAÇÃO E TREINAMENTO,INSTRUÇÃO,JULGAMENTO DE PILOTAGEM,MOTIVAÇÃO,PERCEPÇÃO,PLANEJAMENTO DE VOO,POUCA EXPERIÊNCIA DO PILOTO,PROCESSOS ORGANIZACIONAIS,SUPERVISÃO GERENCIAL",12,7,5,0,0,0
39385,"DESVIO DE NAVEGAÇÃO,ESQUECIMENTO DO PILOTO",2,0,2,0,0,0
39405,"APLICAÇÃO DE COMANDOS,CONDIÇÕES METEOROLÓGICAS ADVERSAS,JULGAMENTO DE PILOTAGEM",3,0,2,0,1,0
39487,ESQUECIMENTO DO PILOTO,1,0,1,0,0,0
39507,"PESSOAL DE APOIO,SUPERVISÃO GERENCIAL",2,0,2,0,0,0
39527,"APLICAÇÃO DE COMANDOS,JULGAMENTO DE PILOTAGEM,PLANEJAMENTO DE VOO,PROCESSO DECISÓRIO",4,1,3,0,0,0
39687,"FABRICAÇÃO,MANUTENÇÃO DE AERONAVE",2,0,1,1,0,0
39707,"INDISCIPLINA DE VOO,MANUTENÇÃO DE AERONAVE,PLANEJAMENTO DE VOO",3,0,3,0,0,0
39709,MANUTENÇÃO DE AERONAVE,1,0,1,0,0,0
39887,"JULGAMENTO DE PILOTAGEM,PROCESSO DECISÓRIO,SUPERVISÃO GERENCIAL",3,1,2,0,0,0
39913,"COORDENAÇÃO DE CABINE,INSTRUÇÃO,JULGAMENTO DE PILOTAGEM",3,0,3,0,0,0
39916,"COORDENAÇÃO DE CABINE,ESQUECIMENTO DO PILOTO,JULGAMENTO DE PILOTAGEM,MANUTENÇÃO DE AERONAVE",4,0,4,0,0,0
39930,"DIETA INADEQUADA,FADIGA,INSÔNIA,MEDICAMENTO",4,4,0,0,0,0
39933,"ATITUDE,CONDIÇÕES METEOROLÓGICAS ADVERSAS,INDISCIPLINA DE VOO,JULGAMENTO DE PILOTAGEM",4,1,2,0,1,0
39969,FABRICAÇÃO,1,0,0,1,0,0
39992,"CONDIÇÕES METEOROLÓGICAS ADVERSAS,INFRAESTRUTURA AEROPORTUÁRIA,INSTRUÇÃO,JULGAMENTO DE PILOTAGEM",4,0,3,0,1,0
39993,"CONDIÇÕES METEOROLÓGICAS ADVERSAS,MANUTENÇÃO DE AERONAVE,SUPERVISÃO GERENCIAL",3,0,2,0,1,0
40069,"APLICAÇÃO DE COMANDOS,CULTURA ORGANIZACIONAL,ESQUECIMENTO DO PILOTO,FORMAÇÃO, CAPACITAÇÃO E TREINAMENTO,INSTRUÇÃO,MEMÓRIA,MOTIVAÇÃO,ORGANIZAÇÃO DO TRABALHO,PLANEJAMENTO GERENCIAL,POUCA EXPERIÊNCIA DO PILOTO,PROCESSO DECISÓRIO,PROCESSOS ORGANIZACIONAIS,SISTEMAS DE APOIO,SUPERVISÃO GERENCIAL",14,8,6,0,0,0
40087,"INDISCIPLINA DE VOO,INSTRUÇÃO,JULGAMENTO DE PILOTAGEM",3,0,3,0,0,0
40088,"CONDIÇÕES METEOROLÓGICAS ADVERSAS,JULGAMENTO DE PILOTAGEM,PLANEJAMENTO DE VOO,SUPERVISÃO GERENCIAL",4,0,3,0,1,0
40107,"APLICAÇÃO DE COMANDOS,INDISCIPLINA DE VOO,SUPERVISÃO GERENCIAL",3,0,3,0,0,0
40147,"APLICAÇÃO DE COMANDOS,CONDIÇÕES METEOROLÓGICAS ADVERSAS,INFRAESTRUTURA AEROPORTUÁRIA,MANUTENÇÃO DE AERONAVE,SUPERVISÃO GERENCIAL",5,0,4,0,1,0
40148,"APLICAÇÃO DE COMANDOS,JULGAMENTO DE PILOTAGEM,MANUTENÇÃO DE AERONAVE,PLANEJAMENTO DE VOO,POUCA EXPERIÊNCIA DO PILOTO",5,0,5,0,0,0
40149,"INDISCIPLINA DE VOO,JULGAMENTO DE PILOTAGEM",2,0,2,0,0,0
40150,"MANUTENÇÃO DE AERONAVE,SUPERVISÃO GERENCIAL",2,0,2,0,0,0
40171,"MANUTENÇÃO DE AERONAVE,SUPERVISÃO GERENCIAL",2,0,2,0,0,0
40214,"COORDENAÇÃO DE CABINE,INDISCIPLINA DE VOO,INFLUÊNCIA DO MEIO AMBIENTE,JULGAMENTO DE PILOTAGEM,MANUTENÇÃO DE AERONAVE,PLANEJAMENTO DE VOO,PLANEJAMENTO GERENCIAL,SUPERVISÃO GERENCIAL",8,1,7,0,0,0
40264,"ATITUDE,CULTURA DO GRUPO DE TRABALHO,CULTURA ORGANIZACIONAL,INFLUÊNCIA DO MEIO AMBIENTE,PERCEPÇÃO,PLANEJAMENTO DE VOO,SUPERVISÃO GERENCIAL",7,5,2,0,0,0
40267,"MANUTENÇÃO DE AERONAVE,PROCESSOS ORGANIZACIONAIS,SUPERVISÃO GERENCIAL",3,1,2,0,0,0
40269,"MANUTENÇÃO DE AERONAVE,PROCESSOS ORGANIZACIONAIS,SUPERVISÃO GERENCIAL",3,1,2,0,0,0
40270,"COORDENAÇÃO DE CABINE,JULGAMENTO DE PILOTAGEM,PESSOAL DE APOIO,SUPERVISÃO GERENCIAL",4,0,4,0,0,0
40271,"APLICAÇÃO DE COMANDOS,ATITUDE,JULGAMENTO DE PILOTAGEM,MOTIVAÇÃO,PLANEJAMENTO DE VOO,PROCESSO DECISÓRIO,PROCESSOS ORGANIZACIONAIS,RELAÇÕES INTERPESSOAIS,SUPERVISÃO GERENCIAL",9,5,4,0,0,0
40316,"MANUTENÇÃO DE AERONAVE,SUPERVISÃO GERENCIAL",2,0,2,0,0,0
40328,"INFRAESTRUTURA AEROPORTUÁRIA,JULGAMENTO DE PILOTAGEM,PLANEJAMENTO DE VOO,PROCESSOS ORGANIZACIONAIS,SUPERVISÃO GERENCIAL",5,1,4,0,0,0
40350,"JULGAMENTO DE PILOTAGEM,OUTRO FATOR,SUPERVISÃO GERENCIAL",3,0,2,0,0,1
40554,"APLICAÇÃO DE COMANDOS,ATITUDE,CULTURA DO GRUPO DE TRABALHO,CULTURA ORGANIZACIONAL,ESTADO EMOCIONAL,FORMAÇÃO, CAPACITAÇÃO E TREINAMENTO,INDISCIPLINA DE VOO,INSTRUÇÃO,JULGAMENTO DE PILOTAGEM,MOTIVAÇÃO,PLANEJAMENTO DE VOO,SISTEMAS DE APOIO,SUPERVISÃO GERENCIAL",13,7,6,0,0,0
40572,"COMUNICAÇÃO,PERCEPÇÃO,POUCA EXPERIÊNCIA DO PILOTO,PROCESSOS ORGANIZACIONAIS",4,3,1,0,0,0
40573,"MANUTENÇÃO DE AERONAVE,SUPERVISÃO GERENCIAL",2,0,2,0,0,0
40583,MANUTENÇÃO DE AERONAVE,1,0,1,0,0,0
40621,"INFRAESTRUTURA AEROPORTUÁRIA,MANUTENÇÃO DE AERONAVE",2,0,2,0,0,0
40732,"ATITUDE,COORDENAÇÃO DE CABINE,CULTURA DO GRUPO DE TRABALHO,CULTURA ORGANIZACIONAL,DINÂMICA DE EQUIPE,ESQUECIMENTO DO PILOTO,MANUTENÇÃO DE AERONAVE,PERCEPÇÃO,PROCESSOS ORGANIZACIONAIS,SUPERVISÃO GERENCIAL",10,6,4,0,0,0
40793,"CULTURA ORGANIZACIONAL,ESTADO EMOCIONAL,JULGAMENTO DE PILOTAGEM,MANUTENÇÃO DE AERONAVE,PERCEPÇÃO,PROCESSO DECISÓRIO,SUPERVISÃO GERENCIAL",7,4,3,0,0,0
40855,"ATITUDE,FORMAÇÃO, CAPACITAÇÃO E TREINAMENTO,INDISCIPLINA DE VOO,INSTRUÇÃO,JULGAMENTO DE PILOTAGEM,MANUTENÇÃO DE AERONAVE,OUTRO FATOR,PLANEJAMENTO DE VOO,PROCESSO DECISÓRIO,PROCESSOS ORGANIZACIONAIS",10,4,5,0,0,1
41053,"ATITUDE,CONDIÇÕES FÍSICAS DO TRABALHO,COORDENAÇÃO DE CABINE,CULTURA ORGANIZACIONAL,DINÂMICA DE EQUIPE,FADIGA,FORMAÇÃO, CAPACITAÇÃO E TREINAMENTO,ILUSÕES VISUAIS,INDISCIPLINA DE VOO,INFLUÊNCIA DO MEIO AMBIENTE,INSTRUÇÃO,MOTIVAÇÃO,ORGANIZAÇÃO DO TRABALHO,OUTRO FATOR,PLANEJAMENTO DE VOO,POUCA EXPERIÊNCIA DO PILOTO,PROCESSO DECISÓRIO,PROCESSOS ORGANIZACIONAIS,SUPERVISÃO GERENCIAL",19,12,6,0,0,1
41155,"APLICAÇÃO DE COMANDOS,COORDENAÇÃO DE CABINE,ESQUECIMENTO DO PILOTO,JULGAMENTO DE PILOTAGEM,MANUTENÇÃO DE AERONAVE,OUTRO FATOR",6,0,5,0,0,1
41179,"MANUTENÇÃO DE AERONAVE,SUPERVISÃO GERENCIAL",2,0,2,0,0,0
41236,"ATENÇÃO,ATITUDE,CARACTERÍSTICAS DA TAREFA,MEDICAMENTO,PERCEPÇÃO,SUPERVISÃO GERENCIAL",6,5,1,0,0,0
41374,"APLICAÇÃO DE COMANDOS,JULGAMENTO DE PILOTAGEM,MANUTENÇÃO DE AERONAVE,OUTRO FATOR,PLANEJAMENTO DE VOO,PROCESSO DECISÓRIO,RELAÇÕES INTERPESSOAIS",7,2,4,0,0,1
41411,"APLICAÇÃO DE COMANDOS,COORDENAÇÃO DE CABINE,INSTRUÇÃO,JULGAMENTO DE PILOTAGEM,POUCA EXPERIÊNCIA DO PILOTO,SUPERVISÃO GERENCIAL",6,0,6,0,0,0
41480,"APLICAÇÃO DE COMANDOS,INSTRUÇÃO,JULGAMENTO DE PILOTAGEM,POUCA EXPERIÊNCIA DO PILOTO,SUPERVISÃO GERENCIAL",5,0,5,0,0,0
41552,"APLICAÇÃO DE COMANDOS,COORDENAÇÃO DE CABINE,INSTRUÇÃO,OUTRO FATOR,PLANEJAMENTO GERENCIAL,SUPERVISÃO GERENCIAL",6,0,5,0,0,1
41578,"APLICAÇÃO DE COMANDOS,ATENÇÃO,ATITUDE,COORDENAÇÃO DE CABINE,ESQUECIMENTO DO PILOTO,JULGAMENTO DE PILOTAGEM",6,2,4,0,0,0
41749,"ATENÇÃO,ESTADO EMOCIONAL,INSTRUÇÃO,MOTIVAÇÃO,PERCEPÇÃO,PLANEJAMENTO DE VOO,POUCA EXPERIÊNCIA DO PILOTO",7,4,3,0,0,0
41750,"ATENÇÃO,COMUNICAÇÃO,COORDENAÇÃO DE CABINE,ESTRESSE,FADIGA,JULGAMENTO DE PILOTAGEM,PERCEPÇÃO,PLANEJAMENTO GERENCIAL,PROCESSOS ORGANIZACIONAIS,SUPERVISÃO GERENCIAL",10,6,4,0,0,0
41751,ESQUECIMENTO DO PILOTO,1,0,1,0,0,0
41789,"JULGAMENTO DE PILOTAGEM,PLANEJAMENTO DE VOO,SUPERVISÃO GERENCIAL",3,0,3,0,0,0
41829,"APLICAÇÃO DE COMANDOS,COORDENAÇÃO DE CABINE,INSTRUÇÃO,JULGAMENTO DE PILOTAGEM,MANUTENÇÃO DE AERONAVE,PLANEJAMENTO DE VOO,SUPERVISÃO GERENCIAL",7,0,7,0,0,0
41832,"APLICAÇÃO DE COMANDOS,JULGAMENTO DE PILOTAGEM",2,0,2,0,0,0
41834,"MANUTENÇÃO DE AERONAVE,SUPERVISÃO GERENCIAL",2,0,2,0,0,0
41837,"APLICAÇÃO DE COMANDOS,CONDIÇÕES METEOROLÓGICAS ADVERSAS,INFLUÊNCIA DO MEIO AMBIENTE,JULGAMENTO DE PILOTAGEM",4,1,2,0,1,0
41850,ESQUECIMENTO DO PILOTO,1,0,1,0,0,0
41898,"CONDIÇÕES METEOROLÓGICAS ADVERSAS,CULTURA ORGANIZACIONAL,INDISCIPLINA DE VOO,JULGAMENTO DE PILOTAGEM,PLANEJAMENTO GERENCIAL,PROCESSO DECISÓRIO,PROCESSOS ORGANIZACIONAIS,SUPERVISÃO GERENCIAL",8,3,4,0,1,0
41900,"INFLUÊNCIA DO MEIO AMBIENTE,OUTRO FATOR,PROJETO",3,1,0,1,0,1
41916,"ATITUDE,COMUNICAÇÃO,CONDIÇÕES METEOROLÓGICAS ADVERSAS,INDISCIPLINA DE VOO,JULGAMENTO DE PILOTAGEM,PLANEJAMENTO DE VOO,POUCA EXPERIÊNCIA DO PILOTO,PROCESSO DECISÓRIO",8,3,4,0,1,0
41917,"APLICAÇÃO DE COMANDOS,INFLUÊNCIA DO MEIO AMBIENTE,JULGAMENTO DE PILOTAGEM",3,1,2,0,0,0
41960,"APLICAÇÃO DE COMANDOS,INDISCIPLINA DE VOO,JULGAMENTO DE PILOTAGEM,PLANEJAMENTO DE VOO,PLANEJAMENTO GERENCIAL,POUCA EXPERIÊNCIA DO PILOTO",6,0,6,0,0,0
42001,"APLICAÇÃO DE COMANDOS,CONDIÇÕES METEOROLÓGICAS ADVERSAS,JULGAMENTO DE PILOTAGEM,PLANEJAMENTO DE VOO,SUPERVISÃO GERENCIAL",5,0,4,0,1,0
42071,"MANUTENÇÃO DE AERONAVE,PLANEJAMENTO GERENCIAL,SUPERVISÃO GERENCIAL",3,0,3,0,0,0
42250,"ATENÇÃO,ATITUDE,COMUNICAÇÃO,COORDENAÇÃO DE CABINE,CULTURA ORGANIZACIONAL,DINÂMICA DE EQUIPE,ESQUECIMENTO DO PILOTO,ESTADO EMOCIONAL,FORMAÇÃO, CAPACITAÇÃO E TREINAMENTO,INSTRUÇÃO,JULGAMENTO DE PILOTAGEM,MANUTENÇÃO DE AERONAVE,MOTIVAÇÃO,ORGANIZAÇÃO DO TRABALHO,PERCEPÇÃO,PLANEJAMENTO GERENCIAL,PROCESSO DECISÓRIO,PROCESSOS ORGANIZACIONAIS,SUPERVISÃO GERENCIAL",19,12,7,0,0,0
42251,"APLICAÇÃO DE COMANDOS,JULGAMENTO DE PILOTAGEM,SUPERVISÃO GERENCIAL",3,0,3,0,0,0
42287,"MANUTENÇÃO DE AERONAVE,SUPERVISÃO GERENCIAL",2,0,2,0,0,0
42289,OUTRO FATOR,1,0,0,0,0,1
42386,"APLICAÇÃO DE COMANDOS,ATENÇÃO,CULTURA DO GRUPO DE TRABALHO,ILUSÕES VISUAIS,PLANEJAMENTO GERENCIAL,SISTEMAS DE APOIO",6,4,2,0,0,0
42387,"APLICAÇÃO DE COMANDOS,INDISCIPLINA DE VOO,PLANEJAMENTO DE VOO,PLANEJAMENTO GERENCIAL,SUPERVISÃO GERENCIAL",5,0,5,0,0,0
42388,"APLICAÇÃO DE COMANDOS,CONDIÇÕES METEOROLÓGICAS ADVERSAS,JULGAMENTO DE PILOTAGEM",3,0,2,0,1,0
42427,OUTRO FATOR,1,0,0,0,0,1
42449,OUTRO FATOR,1,0,0,0,0,1
42565,"MANUTENÇÃO DE AERONAVE,OUTRO FATOR,SUPERVISÃO GERENCIAL",3,0,2,0,0,1
42718,"APLICAÇÃO DE COMANDOS,JULGAMENTO DE PILOTAGEM",2,0,2,0,0,0
42723,"INDISCIPLINA DE VOO,JULGAMENTO DE PILOTAGEM,MANUTENÇÃO DE AERONAVE,SUPERVISÃO GERENCIAL",4,0,4,0,0,0
42757,OUTRO FATOR,1,0,0,0,0,1
42758,"CONDIÇÕES METEOROLÓGICAS ADVERSAS,JULGAMENTO DE PILOTAGEM,PERCEPÇÃO,PLANEJAMENTO DE VOO,POUCA EXPERIÊNCIA DO PILOTO,PROCESSO DECISÓRIO",6,2,3,0,1,0
42760,APLICAÇÃO DE COMANDOS,1,0,1,0,0,0
42880,"APLICAÇÃO DE COMANDOS,JULGAMENTO DE PILOTAGEM",2,0,2,0,0,0
42919,"MANUTENÇÃO DE AERONAVE,SUPERVISÃO GERENCIAL",2,0,2,0,0,0
42921,"ATITUDE,CLIMA ORGANIZACIONAL,COMUNICAÇÃO,CONDIÇÕES METEOROLÓGICAS ADVERSAS,CULTURA ORGANIZACIONAL,DESORIENTAÇÃO,DESVIO DE NAVEGAÇÃO,ESTADO EMOCIONAL,ESTRESSE,FADIGA,JULGAMENTO DE PILOTAGEM,LIDERANÇA,MOTIVAÇÃO,ORGANIZAÇÃO DO TRABALHO,POUCA EXPERIÊNCIA DO PILOTO,PROCESSO DECISÓRIO,RELAÇÕES INTERPESSOAIS,SOBRECARGA DE TAREFAS,SUPERVISÃO GERENCIAL",19,14,4,0,1,0
42983,"APLICAÇÃO DE COMANDOS,ATITUDE,INDISCIPLINA DE VOO,JULGAMENTO DE PILOTAGEM,PLANEJAMENTO DE VOO,PLANEJAMENTO GERENCIAL",6,1,5,0,0,0
42997,"MANUTENÇÃO DE AERONAVE,SUPERVISÃO GERENCIAL",2,0,2,0,0,0
42999,"ATITUDE,FRASEOLOGIA DA TRIPULAÇÃO,INDISCIPLINA DE VOO,JULGAMENTO DE PILOTAGEM,MEMÓRIA,PLANEJAMENTO GERENCIAL",6,2,4,0,0,0
43021,MANUTENÇÃO DE AERONAVE,1,0,1,0,0,0
43027,"MANUTENÇÃO DE AERONAVE,PROCESSOS ORGANIZACIONAIS,SUPERVISÃO GERENCIAL",3,1,2,0,0,0
43042,MANUTENÇÃO DE AERONAVE,1,0,1,0,0,0
43062,"APLICAÇÃO DE COMANDOS,INDISCIPLINA DE VOO,INSTRUÇÃO,JULGAMENTO DE PILOTAGEM,PLANEJAMENTO DE VOO,POUCA EXPERIÊNCIA DO PILOTO,SUPERVISÃO GERENCIAL",7,0,7,0,0,0
43063,"APLICAÇÃO DE COMANDOS,ATITUDE,INSTRUÇÃO,JULGAMENTO DE PILOTAGEM,OUTRO FATOR,PLANEJAMENTO DE VOO,SUPERVISÃO GERENCIAL",7,1,5,0,0,1
43070,MEMÓRIA,1,1,0,0,0,0
43256,"ATITUDE,ESQUECIMENTO DO PILOTO,FORMAÇÃO, CAPACITAÇÃO E TREINAMENTO,INDISCIPLINA DE VOO,INSTRUÇÃO,JULGAMENTO DE PILOTAGEM,MOTIVAÇÃO,PERCEPÇÃO,PLANEJAMENTO DE VOO,POUCA EXPERIÊNCIA DO PILOTO,PROCESSO DECISÓRIO,PROCESSOS ORGANIZACIONAIS,SUPERVISÃO GERENCIAL",13,6,7,0,0,0
43262,"JULGAMENTO DE PILOTAGEM,PLANEJAMENTO DE VOO,SUPERVISÃO GERENCIAL",3,0,3,0,0,0
43282,"APLICAÇÃO DE COMANDOS,COORDENAÇÃO DE CABINE,JULGAMENTO DE PILOTAGEM,PLANEJAMENTO DE VOO",4,0,4,0,0,0
43294,"APLICAÇÃO DE COMANDOS,JULGAMENTO DE PILOTAGEM",2,0,2,0,0,0
43361,"APLICAÇÃO DE COMANDOS,JULGAMENTO DE PILOTAGEM",2,0,2,0,0,0
43389,"ATENÇÃO,INDISCIPLINA DE VOO,JULGAMENTO DE PILOTAGEM,PERCEPÇÃO,PLANEJAMENTO DE VOO,PROCESSO DECISÓRIO,SUPERVISÃO GERENCIAL",7,3,4,0,0,0
43390,"ATITUDE,CARACTERÍSTICAS DA TAREFA,CULTURA ORGANIZACIONAL,INDISCIPLINA DE VOO,INSTRUÇÃO,JULGAMENTO DE PILOTAGEM,MOTIVAÇÃO,PLANEJAMENTO DE VOO,PLANEJAMENTO GERENCIAL,POUCA EXPERIÊNCIA DO PILOTO,SUPERVISÃO GERENCIAL",11,4,7,0,0,0
43393,"JULGAMENTO DE PILOTAGEM,PLANEJAMENTO DE VOO",2,0,2,0,0,0
43404,"APLICAÇÃO DE COMANDOS,ATITUDE,CARACTERÍSTICAS DA TAREFA,CULTURA DO GRUPO DE TRABALHO,CULTURA ORGANIZACIONAL,ESTRESSE,FORMAÇÃO, CAPACITAÇÃO E TREINAMENTO,INFRAESTRUTURA AEROPORTUÁRIA,INSTRUÇÃO,POUCA EXPERIÊNCIA DO PILOTO,PROCESSO DECISÓRIO,PROCESSOS ORGANIZACIONAIS,SUPERVISÃO GERENCIAL",13,8,5,0,0,0
43446,"JULGAMENTO DE PILOTAGEM,PLANEJAMENTO DE VOO",2,0,2,0,0,0
43449,"APLICAÇÃO DE COMANDOS,INSTRUÇÃO,JULGAMENTO DE PILOTAGEM,POUCA EXPERIÊNCIA DO PILOTO,SUPERVISÃO GERENCIAL",5,0,5,0,0,0
43450,"APLICAÇÃO DE COMANDOS,INSTRUÇÃO,JULGAMENTO DE PILOTAGEM,SUPERVISÃO GERENCIAL",4,0,4,0,0,0
43454,"ATENÇÃO,ATITUDE,COMUNICAÇÃO,CONDIÇÕES METEOROLÓGICAS ADVERSAS,COORDENAÇÃO DE CABINE,DINÂMICA DE EQUIPE,FORMAÇÃO, CAPACITAÇÃO E TREINAMENTO,INDISCIPLINA DE VOO,INSTRUÇÃO,JULGAMENTO DE PILOTAGEM,MEMÓRIA,MOTIVAÇÃO,PERCEPÇÃO,PROCESSO DECISÓRIO,PROCESSOS ORGANIZACIONAIS,SUPERVISÃO GERENCIAL",16,10,5,0,1,0
43455,"CONDIÇÕES METEOROLÓGICAS ADVERSAS,MANUTENÇÃO DE AERONAVE,POUCA EXPERIÊNCIA DO PILOTO",3,0,2,0,1,0
43458,"JULGAMENTO DE PILOTAGEM,MANUTENÇÃO DE AERONAVE,SUPERVISÃO GERENCIAL",3,0,3,0,0,0
43459,"APLICAÇÃO DE COMANDOS,JULGAMENTO DE PILOTAGEM",2,0,2,0,0,0
43463,"COORDENAÇÃO DE CABINE,ESQUECIMENTO DO PILOTO,PLANEJAMENTO DE VOO",3,0,3,0,0,0
43471,"ATITUDE,CULTURA DO GRUPO DE TRABALHO,CULTURA ORGANIZACIONAL,ESTRESSE,INDISCIPLINA DE VOO,JULGAMENTO DE PILOTAGEM,LIDERANÇA,MANUTENÇÃO DE AERONAVE,OUTRO FATOR,PROCESSO DECISÓRIO,SUPERVISÃO GERENCIAL",11,6,4,0,0,1
43472,"APLICAÇÃO DE COMANDOS,INFRAESTRUTURA AEROPORTUÁRIA,MANUTENÇÃO DE AERONAVE,SUPERVISÃO GERENCIAL",4,0,4,0,0,0
43628,"ESQUECIMENTO DO PILOTO,INDISCIPLINA DE VOO",2,0,2,0,0,0
43629,"ATENÇÃO,ATITUDE,COMUNICAÇÃO,CONDIÇÕES FÍSICAS DO TRABALHO,CULTURA ORGANIZACIONAL,ESTADO EMOCIONAL,INFLUÊNCIA DO MEIO AMBIENTE,INSTRUÇÃO,JULGAMENTO DE PILOTAGEM,MOTIVAÇÃO,POUCA EXPERIÊNCIA DO PILOTO,PROCESSO DECISÓRIO,PROCESSOS ORGANIZACIONAIS,SUPERVISÃO GERENCIAL",14,10,4,0,0,0
43633,"APLICAÇÃO DE COMANDOS,CONDIÇÕES METEOROLÓGICAS ADVERSAS,COORDENAÇÃO DE CABINE,INFRAESTRUTURA AEROPORTUÁRIA,JULGAMENTO DE PILOTAGEM,OUTRO FATOR",6,0,4,0,1,1
43657,"APLICAÇÃO DE COMANDOS,INSTRUÇÃO,JULGAMENTO DE PILOTAGEM",3,0,3,0,0,0
43658,"APLICAÇÃO DE COMANDOS,ATENÇÃO,CARACTERÍSTICAS DA TAREFA,CULTURA ORGANIZACIONAL,ESTADO EMOCIONAL,INFLUÊNCIAS EXTERNAS,MOTIVAÇÃO,PERCEPÇÃO,RELAÇÕES INTERPESSOAIS,SUPERVISÃO GERENCIAL",10,8,2,0,0,0
43702,"COORDENAÇÃO DE CABINE,DINÂMICA DE EQUIPE,FABRICAÇÃO,JULGAMENTO DE PILOTAGEM,MEMÓRIA,ORGANIZAÇÃO DO TRABALHO,POUCA EXPERIÊNCIA DO PILOTO,PROCESSO DECISÓRIO",8,4,3,1,0,0
43703,"CONDIÇÕES METEOROLÓGICAS ADVERSAS,JULGAMENTO DE PILOTAGEM,PLANEJAMENTO DE VOO",3,0,2,0,1,0
43704,"COMUNICAÇÃO,CULTURA ORGANIZACIONAL,MANUTENÇÃO DE AERONAVE,ORGANIZAÇÃO DO TRABALHO,PROCESSOS ORGANIZACIONAIS,RELAÇÕES INTERPESSOAIS,SUPERVISÃO GERENCIAL",7,5,2,0,0,0
43705,"ATITUDE,CONDIÇÕES METEOROLÓGICAS ADVERSAS,DESVIO DE NAVEGAÇÃO,ESTADO EMOCIONAL,OBESIDADE,PROCESSO DECISÓRIO,PUBLICAÇÕES (ATS)",7,4,2,0,1,0
43706,MANUTENÇÃO DE AERONAVE,1,0,1,0,0,0
43719,"APLICAÇÃO DE COMANDOS,ATITUDE,CONDIÇÕES METEOROLÓGICAS ADVERSAS,COORDENAÇÃO DE CABINE,CULTURA ORGANIZACIONAL,DINÂMICA DE EQUIPE,ESTADO EMOCIONAL,INDISCIPLINA DE VOO,INSTRUÇÃO,JULGAMENTO DE PILOTAGEM,ORGANIZAÇÃO DO TRABALHO,PLANEJAMENTO DE VOO,POUCA EXPERIÊNCIA DO PILOTO,PROCESSO DECISÓRIO,SUPERVISÃO GERENCIAL",15,6,8,0,1,0
43721,MANUTENÇÃO DE AERONAVE,1,0,1,0,0,0
43724,JULGAMENTO DE PILOTAGEM,1,0,1,0,0,0
43725,"APLICAÇÃO DE COMANDOS,JULGAMENTO DE PILOTAGEM,SUPERVISÃO GERENCIAL",3,0,3,0,0,0
43726,"APLICAÇÃO DE COMANDOS,INSTRUÇÃO,JULGAMENTO DE PILOTAGEM,PLANEJAMENTO DE VOO,PLANEJAMENTO GERENCIAL,POUCA EXPERIÊNCIA DO PILOTO",6,0,6,0,0,0
43731,"MANUTENÇÃO DE AERONAVE,SUPERVISÃO GERENCIAL",2,0,2,0,0,0
43732,"INFRAESTRUTURA AEROPORTUÁRIA,PLANEJAMENTO GERENCIAL,SUPERVISÃO GERENCIAL",3,0,3,0,0,0
43774,MANUTENÇÃO DE AERONAVE,1,0,1,0,0,0
43776,"APLICAÇÃO DE COMANDOS,JULGAMENTO DE PILOTAGEM,PLANEJAMENTO DE VOO",3,0,3,0,0,0
43778,"MANUTENÇÃO DE AERONAVE,SUPERVISÃO GERENCIAL",2,0,2,0,0,0
43808,"ATITUDE,INDISCIPLINA DE VOO,JULGAMENTO DE PILOTAGEM,POUCA EXPERIÊNCIA DO PILOTO,PROCESSO DECISÓRIO",5,2,3,0,0,0
43809,"JULGAMENTO DE PILOTAGEM,PESSOAL DE APOIO,PLANEJAMENTO DE VOO,PLANEJAMENTO GERENCIAL,SISTEMAS DE APOIO,SUPERVISÃO GERENCIAL",6,1,5,0,0,0
43870,"MANUTENÇÃO DE AERONAVE,SUPERVISÃO GERENCIAL",2,0,2,0,0,0
43899,"FORMAÇÃO, CAPACITAÇÃO E TREINAMENTO,MANUTENÇÃO DE AERONAVE,PROCESSOS ORGANIZACIONAIS",3,2,1,0,0,0
43901,"APLICAÇÃO DE COMANDOS,COORDENAÇÃO DE CABINE,JULGAMENTO DE PILOTAGEM,POUCA EXPERIÊNCIA DO PILOTO",4,0,4,0,0,0
43906,"APLICAÇÃO DE COMANDOS,INDISCIPLINA DE VOO,JULGAMENTO DE PILOTAGEM",3,0,3,0,0,0
43908,"INDISCIPLINA DE VOO,JULGAMENTO DE PILOTAGEM,PLANEJAMENTO DE VOO,SUPERVISÃO GERENCIAL",4,0,4,0,0,0
43909,"APLICAÇÃO DE COMANDOS,POUCA EXPERIÊNCIA DO PILOTO,SUPERVISÃO GERENCIAL",3,0,3,0,0,0
43910,"PLANEJAMENTO DE VOO,SUPERVISÃO GERENCIAL",2,0,2,0,0,0
43977,"PESSOAL DE APOIO,SUPERVISÃO GERENCIAL",2,0,2,0,0,0
43978,INCONSCIÊNCIA,1,1,0,0,0,0
43988,"JULGAMENTO DE PILOTAGEM,PLANEJAMENTO DE VOO",2,0,2,0,0,0
43989,"ATITUDE,COORDENAÇÃO DE CABINE,DINÂMICA DE EQUIPE,FORMAÇÃO, CAPACITAÇÃO E TREINAMENTO,JULGAMENTO DE PILOTAGEM,MANUTENÇÃO DE AERONAVE,MEMÓRIA,PERCEPÇÃO,PROCESSO DECISÓRIO,PROCESSOS ORGANIZACIONAIS",10,7,3,0,0,0
43992,"JULGAMENTO DE PILOTAGEM,PESSOAL DE APOIO,PLANEJAMENTO DE VOO,PLANEJAMENTO GERENCIAL,SUPERVISÃO GERENCIAL",5,0,5,0,0,0
43998,MANUTENÇÃO DE AERONAVE,1,0,1,0,0,0
44001,MANUTENÇÃO DE AERONAVE,1,0,1,0,0,0
44003,"INFRAESTRUTURA AEROPORTUÁRIA,JULGAMENTO DE PILOTAGEM,PLANEJAMENTO DE VOO,PROCESSO DECISÓRIO",4,1,3,0,0,0
44078,"MANUTENÇÃO DE AERONAVE,SUPERVISÃO GERENCIAL",2,0,2,0,0,0
44079,"INDISCIPLINA DE VOO,PLANEJAMENTO DE VOO,SUPERVISÃO GERENCIAL",3,0,3,0,0,0
44081,"ATITUDE,CULTURA ORGANIZACIONAL,DINÂMICA DE EQUIPE,PERCEPÇÃO,PESSOAL DE APOIO,PLANEJAMENTO DE VOO,PROCESSOS ORGANIZACIONAIS,SUPERVISÃO GERENCIAL",8,5,3,0,0,0
44118,"COORDENAÇÃO DE CABINE,INDISCIPLINA DE VOO,INSTRUÇÃO,JULGAMENTO DE PILOTAGEM,OUTRO FATOR,PLANEJAMENTO DE VOO,POUCA EXPERIÊNCIA DO PILOTO,SUPERVISÃO GERENCIAL",8,0,7,0,0,1
44140,"INSTRUÇÃO,JULGAMENTO DE PILOTAGEM,PLANEJAMENTO DE VOO,SUPERVISÃO GERENCIAL",4,0,4,0,0,0
44188,INDISCIPLINA DE VOO,1,0,1,0,0,0
44244,"APLICAÇÃO DE COMANDOS,OUTRO FATOR",2,0,1,0,0,1
44248,"ATITUDE,CONDIÇÕES METEOROLÓGICAS ADVERSAS,JULGAMENTO DE PILOTAGEM,PLANEJAMENTO DE VOO",4,1,2,0,1,0
44316,"COORDENAÇÃO DE CABINE,CULTURA ORGANIZACIONAL,ESTADO EMOCIONAL,LIDERANÇA",4,3,1,0,0,0
44336,"APLICAÇÃO DE COMANDOS,JULGAMENTO DE PILOTAGEM,POUCA EXPERIÊNCIA DO PILOTO,SUPERVISÃO GERENCIAL",4,0,4,0,0,0
44339,"JULGAMENTO DE PILOTAGEM,PESSOAL DE APOIO,PLANEJAMENTO DE VOO",3,0,3,0,0,0
44377,"APLICAÇÃO DE COMANDOS,INSTRUÇÃO,JULGAMENTO DE PILOTAGEM,POUCA EXPERIÊNCIA DO PILOTO,SUPERVISÃO GERENCIAL",5,0,5,0,0,0
44399,"INSTRUÇÃO,JULGAMENTO DE PILOTAGEM,PLANEJAMENTO DE VOO,SUPERVISÃO GERENCIAL",4,0,4,0,0,0
44402,MANUTENÇÃO DE AERONAVE,1,0,1,0,0,0
44436,"APLICAÇÃO DE COMANDOS,ATITUDE,CULTURA DO GRUPO DE TRABALHO,CULTURA ORGANIZACIONAL,INSTRUÇÃO,JULGAMENTO DE PILOTAGEM,ORGANIZAÇÃO DO TRABALHO,PLANEJAMENTO DE VOO,PROCESSO DECISÓRIO",9,5,4,0,0,0
44437,"APLICAÇÃO DE COMANDOS,INSTRUÇÃO,JULGAMENTO DE PILOTAGEM,SUPERVISÃO GERENCIAL",4,0,4,0,0,0
44458,"MANUTENÇÃO DE AERONAVE,SUPERVISÃO GERENCIAL",2,0,2,0,0,0
44463,"INSTRUÇÃO,JULGAMENTO DE PILOTAGEM,SUPERVISÃO GERENCIAL",3,0,3,0,0,0
44464,"CONDIÇÕES METEOROLÓGICAS ADVERSAS,INDISCIPLINA DE VOO,JULGAMENTO DE PILOTAGEM,PLANEJAMENTO DE VOO",4,0,3,0,1,0
44484,"APLICAÇÃO DE COMANDOS,ATITUDE,CULTURA DO GRUPO DE TRABALHO,CULTURA ORGANIZACIONAL,ESTRESSE,FORMAÇÃO, CAPACITAÇÃO E TREINAMENTO,INDISCIPLINA DE VOO,JULGAMENTO DE PILOTAGEM,MANUTENÇÃO DE AERONAVE,MOTIVAÇÃO,ORGANIZAÇÃO DO TRABALHO,OUTRO FATOR,PROCESSO DECISÓRIO,RELAÇÕES INTERPESSOAIS,SUPERVISÃO GERENCIAL",15,9,5,0,0,1
44528,"ATITUDE,CONDIÇÕES METEOROLÓGICAS ADVERSAS,JULGAMENTO DE PILOTAGEM,MOTIVAÇÃO,PLANEJAMENTO DE VOO,POUCA EXPERIÊNCIA DO PILOTO,PROCESSO DECISÓRIO",7,3,3,0,1,0
44538,"APLICAÇÃO DE COMANDOS,INSTRUÇÃO,JULGAMENTO DE PILOTAGEM",3,0,3,0,0,0
44539,"INDISCIPLINA DE VOO,JULGAMENTO DE PILOTAGEM,PLANEJAMENTO DE VOO",3,0,3,0,0,0
44545,"APLICAÇÃO DE COMANDOS,ATENÇÃO,COORDENAÇÃO DE CABINE,FORMAÇÃO, CAPACITAÇÃO E TREINAMENTO,INSTRUÇÃO,JULGAMENTO DE PILOTAGEM,MEMÓRIA,PROCESSO DECISÓRIO",8,4,4,0,0,0
44549,"ATITUDE,INFRAESTRUTURA AEROPORTUÁRIA,JULGAMENTO DE PILOTAGEM,PLANEJAMENTO DE VOO,SISTEMAS DE APOIO,SUPERVISÃO GERENCIAL",6,2,4,0,0,0
44553,"JULGAMENTO DE PILOTAGEM,MANUTENÇÃO DE AERONAVE,SUPERVISÃO GERENCIAL",3,0,3,0,0,0
44577,"APLICAÇÃO DE COMANDOS,ATITUDE,CULTURA ORGANIZACIONAL,INDISCIPLINA DE VOO,INFLUÊNCIAS EXTERNAS,JULGAMENTO DE PILOTAGEM,MOTIVAÇÃO,PROCESSO DECISÓRIO,PROCESSOS ORGANIZACIONAIS,RELAÇÕES INTERPESSOAIS,SUPERVISÃO GERENCIAL",11,7,4,0,0,0
44579,"APLICAÇÃO DE COMANDOS,ATENÇÃO,COMUNICAÇÃO,COORDENAÇÃO DE CABINE,DINÂMICA DE EQUIPE,PERCEPÇÃO,PLANEJAMENTO DE VOO",7,4,3,0,0,0
44597,"JULGAMENTO DE PILOTAGEM,PLANEJAMENTO DE VOO,SUPERVISÃO GERENCIAL",3,0,3,0,0,0
44611,"JULGAMENTO DE PILOTAGEM,MANUTENÇÃO DE AERONAVE,SUPERVISÃO GERENCIAL",3,0,3,0,0,0
44647,INFLUÊNCIA DO MEIO AMBIENTE,1,1,0,0,0,0
44649,"MANUTENÇÃO DE AERONAVE,SUPERVISÃO GERENCIAL",2,0,2,0,0,0
44652,"APLICAÇÃO DE COMANDOS,ATITUDE,COORDENAÇÃO DE CABINE,INFRAESTRUTURA AEROPORTUÁRIA,JULGAMENTO DE PILOTAGEM,PLANEJAMENTO DE VOO",6,1,5,0,0,0
44656,"APLICAÇÃO DE COMANDOS,CONDIÇÕES METEOROLÓGICAS ADVERSAS,INDISCIPLINA DE VOO,JULGAMENTO DE PILOTAGEM",4,0,3,0,1,0
44660,"ATENÇÃO,ATITUDE,CONDIÇÕES METEOROLÓGICAS ADVERSAS,ESTADO EMOCIONAL,ESTRESSE,FORMAÇÃO, CAPACITAÇÃO E TREINAMENTO,INDISCIPLINA DE VOO,JULGAMENTO DE PILOTAGEM,MOTIVAÇÃO,OUTRO FATOR,PERCEPÇÃO,PLANEJAMENTO DE VOO,PLANEJAMENTO GERENCIAL,PROCESSO DECISÓRIO,RELAÇÕES INTERPESSOAIS,SISTEMAS DE APOIO,SOBRECARGA DE TAREFAS,SUPERVISÃO GERENCIAL",18,11,5,0,1,1
44661,"APLICAÇÃO DE COMANDOS,CONHECIMENTO DE NORMAS (ATS),COORDENAÇÃO DE CABINE,FORMAÇÃO, CAPACITAÇÃO E TREINAMENTO,OUTRO FATOR",5,1,3,0,0,1
44775,"ATENÇÃO,CONDIÇÕES METEOROLÓGICAS ADVERSAS,CULTURA ORGANIZACIONAL,ESTADO EMOCIONAL,JULGAMENTO DE PILOTAGEM,MOTIVAÇÃO,PLANEJAMENTO DE VOO,PROCESSO DECISÓRIO,SUPERVISÃO GERENCIAL",9,5,3,0,1,0
44796,"ANSIEDADE,APLICAÇÃO DE COMANDOS,ATITUDE,COORDENAÇÃO DE CABINE,CULTURA DO GRUPO DE TRABALHO,CULTURA ORGANIZACIONAL,DINÂMICA DE EQUIPE,ESQUECIMENTO DO PILOTO,ESTADO EMOCIONAL,ESTRESSE,FABRICAÇÃO,FORMAÇÃO, CAPACITAÇÃO E TREINAMENTO,INSTRUÇÃO,JULGAMENTO DE PILOTAGEM,PROCESSO DECISÓRIO,PROJETO,RELAÇÕES INTERPESSOAIS,SUPERVISÃO GERENCIAL",18,10,6,2,0,0
44817,"APLICAÇÃO DE COMANDOS,COORDENAÇÃO DE CABINE,INSTRUÇÃO,JULGAMENTO DE PILOTAGEM,PLANEJAMENTO DE VOO,POUCA EXPERIÊNCIA DO PILOTO,SUPERVISÃO GERENCIAL",7,0,7,0,0,0
44837,"JULGAMENTO DE PILOTAGEM,PLANEJAMENTO DE VOO",2,0,2,0,0,0
44838,"APLICAÇÃO DE COMANDOS,MANUTENÇÃO DE AERONAVE,OUTRO FATOR,SUPERVISÃO GERENCIAL",4,0,3,0,0,1
44853,"APLICAÇÃO DE COMANDOS,ATENÇÃO,FORMAÇÃO, CAPACITAÇÃO E TREINAMENTO,INSTRUÇÃO,PERCEPÇÃO,PROCESSO DECISÓRIO,SUPERVISÃO GERENCIAL",7,4,3,0,0,0
44855,"ATITUDE,CLIMA ORGANIZACIONAL,CONDIÇÕES METEOROLÓGICAS ADVERSAS,ESTRESSE,MOTIVAÇÃO,PERCEPÇÃO,PLANEJAMENTO DE VOO,PROCESSO DECISÓRIO,RELAÇÕES INTERPESSOAIS",9,7,1,0,1,0
44879,"INSTRUÇÃO,POUCA EXPERIÊNCIA DO PILOTO",2,0,2,0,0,0
44881,"APLICAÇÃO DE COMANDOS,COMUNICAÇÃO,COORDENAÇÃO DE CABINE,DINÂMICA DE EQUIPE,OUTRO FATOR,POUCA EXPERIÊNCIA DO PILOTO",6,2,3,0,0,1
44885,"APLICAÇÃO DE COMANDOS,MANUTENÇÃO DE AERONAVE,PESSOAL DE APOIO,PLANEJAMENTO GERENCIAL,PROJETO",5,0,4,1,0,0
44887,MANUTENÇÃO DE AERONAVE,1,0,1,0,0,0
44888,"INSTRUÇÃO,SISTEMAS DE APOIO",2,1,1,0,0,0
44926,MANUTENÇÃO DE AERONAVE,1,0,1,0,0,0
44944,"ATITUDE,INDISCIPLINA DE VOO,JULGAMENTO DE PILOTAGEM,MOTIVAÇÃO",4,2,2,0,0,0
44966,"ATENÇÃO,ATITUDE,PERCEPÇÃO,PLANEJAMENTO DE VOO,PROCESSO DECISÓRIO,SISTEMAS DE APOIO",6,5,1,0,0,0
44967,"ESQUECIMENTO DO PILOTO,INSTRUÇÃO,MANUTENÇÃO DE AERONAVE,MEMÓRIA,SUPERVISÃO GERENCIAL",5,1,4,0,0,0
44968,"APLICAÇÃO DE COMANDOS,CULTURA ORGANIZACIONAL,INSTRUÇÃO,POUCA EXPERIÊNCIA DO PILOTO,SUPERVISÃO GERENCIAL",5,1,4,0,0,0
44969,"APLICAÇÃO DE COMANDOS,INSTRUÇÃO,JULGAMENTO DE PILOTAGEM,SUPERVISÃO GERENCIAL",4,0,4,0,0,0
44986,"FABRICAÇÃO,PROJETO",2,0,0,2,0,0
44988,"APLICAÇÃO DE COMANDOS,JULGAMENTO DE PILOTAGEM,OUTRO FATOR,SUPERVISÃO GERENCIAL",4,0,3,0,0,1
44993,"APLICAÇÃO DE COMANDOS,JULGAMENTO DE PILOTAGEM",2,0,2,0,0,0
44996,"JULGAMENTO DE PILOTAGEM,OUTRO FATOR,PLANEJAMENTO DE VOO",3,0,2,0,0,1
45025,"JULGAMENTO DE PILOTAGEM,MANUTENÇÃO DE AERONAVE,SUPERVISÃO GERENCIAL",3,0,3,0,0,0
45048,"INDISCIPLINA DE VOO,INSTRUÇÃO,JULGAMENTO DE PILOTAGEM,SUPERVISÃO GERENCIAL",4,0,4,0,0,0
45049,"MANUTENÇÃO DE AERONAVE,SUPERVISÃO GERENCIAL",2,0,2,0,0,0
45050,PLANEJAMENTO DE VOO,1,0,1,0,0,0
45052,"APLICAÇÃO DE COMANDOS,MANUTENÇÃO DE AERONAVE,OUTRO FATOR,SUPERVISÃO GERENCIAL",4,0,3,0,0,1
45053,"APLICAÇÃO DE COMANDOS,ATITUDE,FORMAÇÃO, CAPACITAÇÃO E TREINAMENTO,INSTRUÇÃO,MOTIVAÇÃO,PLANEJAMENTO DE VOO,POUCA EXPERIÊNCIA DO PILOTO,RELAÇÕES INTERPESSOAIS,SUPERVISÃO GERENCIAL",9,4,5,0,0,0
45054,"MANUTENÇÃO DE AERONAVE,SUPERVISÃO GERENCIAL",2,0,2,0,0,0
45055,"ATENÇÃO,INDISCIPLINA DE VOO,JULGAMENTO DE PILOTAGEM,MEMÓRIA,OUTRO FATOR,PROCESSO DECISÓRIO",6,3,2,0,0,1
45056,"CONDIÇÕES METEOROLÓGICAS ADVERSAS,JULGAMENTO DE PILOTAGEM,MOTIVAÇÃO,PERCEPÇÃO,PLANEJAMENTO DE VOO,PROCESSO DECISÓRIO",6,3,2,0,1,0
45058,"MANUTENÇÃO DE AERONAVE,PLANEJAMENTO GERENCIAL,SUPERVISÃO GERENCIAL",3,0,3,0,0,0
45060,"APLICAÇÃO DE COMANDOS,JULGAMENTO DE PILOTAGEM,POUCA EXPERIÊNCIA DO PILOTO,PROCESSO DECISÓRIO",4,1,3,0,0,0
45061,"ATITUDE,INDISCIPLINA DE VOO,JULGAMENTO DE PILOTAGEM,PROCESSO DECISÓRIO",4,2,2,0,0,0
45062,INFLUÊNCIA DO MEIO AMBIENTE,1,1,0,0,0,0
45065,"CONDIÇÕES METEOROLÓGICAS ADVERSAS,PLANEJAMENTO DE VOO,SISTEMAS DE APOIO",3,1,1,0,1,0
45070,"JULGAMENTO DE PILOTAGEM,PLANEJAMENTO GERENCIAL,SUPERVISÃO GERENCIAL",3,0,3,0,0,0
45072,"APLICAÇÃO DE COMANDOS,JULGAMENTO DE PILOTAGEM",2,0,2,0,0,0
45087,"ATENÇÃO,ATITUDE,CARACTERÍSTICAS DA TAREFA,CULTURA DO GRUPO DE TRABALHO,JULGAMENTO DE PILOTAGEM,OUTRO FATOR,PERCEPÇÃO,PLANEJAMENTO DE VOO,SUPERVISÃO GERENCIAL",9,5,3,0,0,1
45088,"APLICAÇÃO DE COMANDOS,ATITUDE,CONDIÇÕES METEOROLÓGICAS ADVERSAS,ESTRESSE,FORMAÇÃO, CAPACITAÇÃO E TREINAMENTO,INSTRUÇÃO,JULGAMENTO DE PILOTAGEM,MOTIVAÇÃO,PLANEJAMENTO DE VOO,PROCESSO DECISÓRIO",10,5,4,0,1,0
45089,"APLICAÇÃO DE COMANDOS,JULGAMENTO DE PILOTAGEM",2,0,2,0,0,0
45090,"APLICAÇÃO DE COMANDOS,FORMAÇÃO, CAPACITAÇÃO E TREINAMENTO,INSTRUÇÃO,PROCESSOS ORGANIZACIONAIS,SUPERVISÃO GERENCIAL",5,2,3,0,0,0
45096,CONDIÇÕES METEOROLÓGICAS ADVERSAS,1,0,0,0,1,0
45098,"APLICAÇÃO DE COMANDOS,PLANEJAMENTO DE VOO",2,0,2,0,0,0
45100,"APLICAÇÃO DE COMANDOS,INSTRUÇÃO,PROCESSOS ORGANIZACIONAIS,SUPERVISÃO GERENCIAL",4,1,3,0,0,0
45102,"APLICAÇÃO DE COMANDOS,ATENÇÃO,INSTRUÇÃO,JULGAMENTO DE PILOTAGEM",4,1,3,0,0,0
45127,"MEMÓRIA,PROCESSO DECISÓRIO",2,2,0,0,0,0
45151,"ATITUDE,INFRAESTRUTURA AEROPORTUÁRIA,JULGAMENTO DE PILOTAGEM,PERCEPÇÃO,PESSOAL DE APOIO,PROCESSO DECISÓRIO,SUPERVISÃO GERENCIAL",7,3,4,0,0,0
45153,"APLICAÇÃO DE COMANDOS,COORDENAÇÃO DE CABINE,INSTRUÇÃO,MANUTENÇÃO DE AERONAVE,PLANEJAMENTO DE VOO,PLANEJAMENTO GERENCIAL,POUCA EXPERIÊNCIA DO PILOTO,SUPERVISÃO GERENCIAL",8,0,8,0,0,0
45187,"APLICAÇÃO DE COMANDOS,ESQUECIMENTO DO PILOTO,INSTRUÇÃO,JULGAMENTO DE PILOTAGEM,POUCA EXPERIÊNCIA DO PILOTO",5,0,5,0,0,0
45188,"APLICAÇÃO DE COMANDOS,ATITUDE,DINÂMICA DE EQUIPE,FORMAÇÃO, CAPACITAÇÃO E TREINAMENTO,JULGAMENTO DE PILOTAGEM,POUCA EXPERIÊNCIA DO PILOTO,PROCESSO DECISÓRIO,SUPERVISÃO GERENCIAL",8,4,4,0,0,0
45212,"JULGAMENTO DE PILOTAGEM,OUTRO FATOR",2,0,1,0,0,1
45213,"ATENÇÃO,ATITUDE,INDISCIPLINA DE VOO",3,2,1,0,0,0
45215,"APLICAÇÃO DE COMANDOS,JULGAMENTO DE PILOTAGEM,PLANEJAMENTO DE VOO,POUCA EXPERIÊNCIA DO PILOTO",4,0,4,0,0,0
45222,"INFRAESTRUTURA AEROPORTUÁRIA,JULGAMENTO DE PILOTAGEM,PROCESSO DECISÓRIO",3,1,2,0,0,0
45228,"APLICAÇÃO DE COMANDOS,POUCA EXPERIÊNCIA DO PILOTO",2,0,2,0,0,0
45237,"CONDIÇÕES METEOROLÓGICAS ADVERSAS,JULGAMENTO DE PILOTAGEM,PLANEJAMENTO DE VOO",3,0,2,0,1,0
45250,"COMUNICAÇÃO,CONDIÇÕES METEOROLÓGICAS ADVERSAS,JULGAMENTO DE PILOTAGEM,MOTIVAÇÃO,PLANEJAMENTO DE VOO,POUCA EXPERIÊNCIA DO PILOTO,SISTEMAS DE APOIO",7,3,3,0,1,0
45251,"ATENÇÃO,ATITUDE,CLIMA ORGANIZACIONAL,CONDIÇÕES FÍSICAS DO TRABALHO,CULTURA DO GRUPO DE TRABALHO,JULGAMENTO DE PILOTAGEM,PERCEPÇÃO,PLANEJAMENTO DE VOO,PROCESSO DECISÓRIO,SUPERVISÃO GERENCIAL",10,7,3,0,0,0
45252,"CONHECIMENTO DE NORMAS (ATS),INFRAESTRUTURA AEROPORTUÁRIA,PLANEJAMENTO DE VOO,PLANEJAMENTO GERENCIAL,SUPERVISÃO GERENCIAL",5,0,5,0,0,0
45268,"JULGAMENTO DE PILOTAGEM,PROCESSO DECISÓRIO",2,1,1,0,0,0
45270,"APLICAÇÃO DE COMANDOS,CONDIÇÕES METEOROLÓGICAS ADVERSAS",2,0,1,0,1,0
45272,"APLICAÇÃO DE COMANDOS,INSTRUÇÃO,POUCA EXPERIÊNCIA DO PILOTO,SUPERVISÃO GERENCIAL",4,0,4,0,0,0
45273,"APLICAÇÃO DE COMANDOS,COORDENAÇÃO DE CABINE,JULGAMENTO DE PILOTAGEM,PLANEJAMENTO DE VOO,SUPERVISÃO GERENCIAL",5,0,5,0,0,0
45274,"APLICAÇÃO DE COMANDOS,INSTRUÇÃO,POUCA EXPERIÊNCIA DO PILOTO,SUPERVISÃO GERENCIAL",4,0,4,0,0,0
45277,"JULGAMENTO DE PILOTAGEM,PLANEJAMENTO DE VOO",2,0,2,0,0,0
45279,"DESORIENTAÇÃO,JULGAMENTO DE PILOTAGEM,PERCEPÇÃO,POUCA EXPERIÊNCIA DO PILOTO",4,2,2,0,0,0
45280,"APLICAÇÃO DE COMANDOS,PLANEJAMENTO DE VOO,SUPERVISÃO GERENCIAL",3,0,3,0,0,0
45282,"APLICAÇÃO DE COMANDOS,ATITUDE,JULGAMENTO DE PILOTAGEM,MEMÓRIA,PLANEJAMENTO DE VOO,PROCESSO DECISÓRIO,SUPERVISÃO GERENCIAL",7,3,4,0,0,0
45284,"APLICAÇÃO DE COMANDOS,INFRAESTRUTURA AEROPORTUÁRIA,JULGAMENTO DE PILOTAGEM",3,0,3,0,0,0
45286,"APLICAÇÃO DE COMANDOS,INFRAESTRUTURA AEROPORTUÁRIA,JULGAMENTO DE PILOTAGEM,PLANEJAMENTO DE VOO",4,0,4,0,0,0
45288,"APLICAÇÃO DE COMANDOS,JULGAMENTO DE PILOTAGEM",2,0,2,0,0,0
45292,"CONDIÇÕES METEOROLÓGICAS ADVERSAS,PLANEJAMENTO DE VOO",2,0,1,0,1,0
45307,"ATITUDE,JULGAMENTO DE PILOTAGEM,MANUTENÇÃO DE AERONAVE,PROCESSOS ORGANIZACIONAIS,SUPERVISÃO GERENCIAL",5,2,3,0,0,0
45331,"APLICAÇÃO DE COMANDOS,ATENÇÃO,CLIMA ORGANIZACIONAL,COMUNICAÇÃO,COORDENAÇÃO DE CABINE,CULTURA DO GRUPO DE TRABALHO,CULTURA ORGANIZACIONAL,DESVIO DE NAVEGAÇÃO,DINÂMICA DE EQUIPE,FORMAÇÃO, CAPACITAÇÃO E TREINAMENTO,FRASEOLOGIA DO ÓRGÃO ATS,LIDERANÇA,PERCEPÇÃO,PROCESSOS ORGANIZACIONAIS,SUPERVISÃO GERENCIAL",15,10,5,0,0,0
45390,"JULGAMENTO DE PILOTAGEM,PLANEJAMENTO DE VOO",2,0,2,0,0,0
45392,"INDISCIPLINA DE VOO,JULGAMENTO DE PILOTAGEM,PLANEJAMENTO DE VOO,POUCA EXPERIÊNCIA DO PILOTO",4,0,4,0,0,0
45393,"INDISCIPLINA DE VOO,JULGAMENTO DE PILOTAGEM,POUCA EXPERIÊNCIA DO PILOTO,SUPERVISÃO GERENCIAL",4,0,4,0,0,0
45396,"INDISCIPLINA DE VOO,MANUTENÇÃO DE AERONAVE,PLANEJAMENTO DE VOO,SUPERVISÃO GERENCIAL",4,0,4,0,0,0
45397,"INFLUÊNCIA DO MEIO AMBIENTE,INSTRUÇÃO,PROJETO",3,1,1,1,0,0
45399,MANUTENÇÃO DE AERONAVE,1,0,1,0,0,0
45400,"COORDENAÇÃO DE CABINE,MANUTENÇÃO DE AERONAVE",2,0,2,0,0,0
45403,"INFRAESTRUTURA AEROPORTUÁRIA,PLANEJAMENTO DE VOO",2,0,2,0,0,0
45412,"APLICAÇÃO DE COMANDOS,ATITUDE,CARACTERÍSTICAS DA TAREFA,CONDIÇÕES METEOROLÓGICAS ADVERSAS,INDISCIPLINA DE VOO,MOTIVAÇÃO,ORGANIZAÇÃO DO TRABALHO,PERCEPÇÃO,PROCESSO DECISÓRIO,SUPERVISÃO GERENCIAL",10,6,3,0,1,0
45466,"ATENÇÃO,ESQUECIMENTO DO PILOTO,OUTRO FATOR",3,1,1,0,0,1
45487,"ATITUDE,CULTURA ORGANIZACIONAL,EQUIPAMENTO - CARACTERÍSTICAS ERGONÔMICAS,FORMAÇÃO, CAPACITAÇÃO E TREINAMENTO,INDISCIPLINA DE VOO,INSTRUÇÃO,JULGAMENTO DE PILOTAGEM,MANUTENÇÃO DE AERONAVE,MEMÓRIA,PLANEJAMENTO GERENCIAL,SUPERVISÃO GERENCIAL",11,5,6,0,0,0
45490,"ATITUDE,CONDIÇÕES METEOROLÓGICAS ADVERSAS,CULTURA DO GRUPO DE TRABALHO,DESORIENTAÇÃO,FORMAÇÃO, CAPACITAÇÃO E TREINAMENTO,INSTRUÇÃO,JULGAMENTO DE PILOTAGEM,PROCESSO DECISÓRIO",8,5,2,0,1,0
45523,"APLICAÇÃO DE COMANDOS,INDISCIPLINA DE VOO,JULGAMENTO DE PILOTAGEM,MANUTENÇÃO DE AERONAVE",4,0,4,0,0,0
45524,"JULGAMENTO DE PILOTAGEM,POUCA EXPERIÊNCIA DO PILOTO",2,0,2,0,0,0
45525,"MANUTENÇÃO DE AERONAVE,PROCESSOS ORGANIZACIONAIS",2,1,1,0,0,0
45526,"ILUSÕES VISUAIS,INFLUÊNCIA DO MEIO AMBIENTE,JULGAMENTO DE PILOTAGEM,PLANEJAMENTO DE VOO",4,2,2,0,0,0
45528,"ATITUDE,COMUNICAÇÃO,CULTURA ORGANIZACIONAL,INDISCIPLINA DE VOO,INFLUÊNCIAS EXTERNAS,INSTRUÇÃO,JULGAMENTO DE PILOTAGEM,MOTIVAÇÃO,ORGANIZAÇÃO DO TRABALHO,PLANEJAMENTO DE VOO,PROCESSO DECISÓRIO",11,7,4,0,0,0
45553,"APLICAÇÃO DE COMANDOS,ATITUDE,CONDIÇÕES METEOROLÓGICAS ADVERSAS,COORDENAÇÃO DE CABINE,ESTRESSE,FORMAÇÃO, CAPACITAÇÃO E TREINAMENTO,INSTRUÇÃO,JULGAMENTO DE PILOTAGEM,MANUTENÇÃO DE AERONAVE,MEMÓRIA,MOTIVAÇÃO,ORGANIZAÇÃO DO TRABALHO",12,6,5,0,1,0
45554,"APLICAÇÃO DE COMANDOS,CONDIÇÕES METEOROLÓGICAS ADVERSAS,COORDENAÇÃO DE CABINE,INFRAESTRUTURA AEROPORTUÁRIA,JULGAMENTO DE PILOTAGEM,OUTRO FATOR",6,0,4,0,1,1
45564,"APLICAÇÃO DE COMANDOS,JULGAMENTO DE PILOTAGEM,MANUTENÇÃO DE AERONAVE",3,0,3,0,0,0
45570,"APLICAÇÃO DE COMANDOS,JULGAMENTO DE PILOTAGEM",2,0,2,0,0,0
45571,"CULTURA ORGANIZACIONAL,ESTRESSE,INDISCIPLINA DE VOO,MANUTENÇÃO DE AERONAVE,PLANEJAMENTO GERENCIAL,PROCESSOS ORGANIZACIONAIS,SUPERVISÃO GERENCIAL",7,3,4,0,0,0
45573,"ATITUDE,COORDENAÇÃO DE CABINE,CULTURA ORGANIZACIONAL,DINÂMICA DE EQUIPE,ESQUECIMENTO DO PILOTO,MEMÓRIA,MOTIVAÇÃO,OUTRO FATOR,SISTEMAS DE APOIO,SUPERVISÃO GERENCIAL",10,6,3,0,0,1
45576,"APLICAÇÃO DE COMANDOS,ATENÇÃO,JULGAMENTO DE PILOTAGEM,PERCEPÇÃO",4,2,2,0,0,0
45579,"CONDIÇÕES METEOROLÓGICAS ADVERSAS,JULGAMENTO DE PILOTAGEM,PLANEJAMENTO DE VOO,PROCESSO DECISÓRIO",4,1,2,0,1,0
45580,"INFRAESTRUTURA AEROPORTUÁRIA,JULGAMENTO DE PILOTAGEM,SISTEMAS DE APOIO",3,1,2,0,0,0
45584,ESQUECIMENTO DO PILOTO,1,0,1,0,0,0
45585,"APLICAÇÃO DE COMANDOS,ATENÇÃO,ESQUECIMENTO DO PILOTO,INDISCIPLINA DE VOO,INFLUÊNCIA DO MEIO AMBIENTE,PERCEPÇÃO,PLANEJAMENTO DE VOO",7,3,4,0,0,0
45587,"JULGAMENTO DE PILOTAGEM,PLANEJAMENTO DE VOO,SUPERVISÃO GERENCIAL",3,0,3,0,0,0
45588,CONDIÇÕES METEOROLÓGICAS ADVERSAS,1,0,0,0,1,0
45596,"CONDIÇÕES METEOROLÓGICAS ADVERSAS,FORMAÇÃO, CAPACITAÇÃO E TREINAMENTO,INDISCIPLINA DE VOO,JULGAMENTO DE PILOTAGEM,PLANEJAMENTO DE VOO,POUCA EXPERIÊNCIA DO PILOTO,SUPERVISÃO GERENCIAL",7,1,5,0,1,0
45597,"APLICAÇÃO DE COMANDOS,CONDIÇÕES METEOROLÓGICAS ADVERSAS,INSTRUÇÃO,PLANEJAMENTO DE VOO,SUPERVISÃO GERENCIAL",5,0,4,0,1,0
45599,"JULGAMENTO DE PILOTAGEM,SUPERVISÃO GERENCIAL",2,0,2,0,0,0
45618,"PLANEJAMENTO DE VOO,POUCA EXPERIÊNCIA DO PILOTO,SUPERVISÃO GERENCIAL",3,0,3,0,0,0
45731,MANUTENÇÃO DE AERONAVE,1,0,1,0,0,0
45734,MANUTENÇÃO DE AERONAVE,1,0,1,0,0,0
45747,"ESQUECIMENTO DO PILOTO,POUCA EXPERIÊNCIA DO PILOTO",2,0,2,0,0,0
45748,ESQUECIMENTO DO PILOTO,1,0,1,0,0,0
45749,MANUTENÇÃO DE AERONAVE,1,0,1,0,0,0
45751,"APLICAÇÃO DE COMANDOS,OUTRO FATOR",2,0,1,0,0,1
45752,"APLICAÇÃO DE COMANDOS,COORDENAÇÃO DE CABINE,INSTRUÇÃO,SUPERVISÃO GERENCIAL",4,0,4,0,0,0
45753,MANUTENÇÃO DE AERONAVE,1,0,1,0,0,0
45755,"APLICAÇÃO DE COMANDOS,COORDENAÇÃO DE CABINE,JULGAMENTO DE PILOTAGEM",3,0,3,0,0,0
45756,"COORDENAÇÃO DE CABINE,FORMAÇÃO, CAPACITAÇÃO E TREINAMENTO,JULGAMENTO DE PILOTAGEM,MANUTENÇÃO DE AERONAVE,SISTEMAS DE APOIO,SUPERVISÃO GERENCIAL",6,2,4,0,0,0
45757,"APLICAÇÃO DE COMANDOS,INDISCIPLINA DE VOO,OUTRO FATOR,POUCA EXPERIÊNCIA DO PILOTO",4,0,3,0,0,1
45759,"ATITUDE,CONDIÇÕES METEOROLÓGICAS ADVERSAS,CONHECIMENTO DE NORMAS (ATS),DESORIENTAÇÃO,FABRICAÇÃO,FORMAÇÃO, CAPACITAÇÃO E TREINAMENTO,INSTRUÇÃO,JULGAMENTO DE PILOTAGEM,MANUTENÇÃO DE AERONAVE,MOTIVAÇÃO,PLANEJAMENTO DE VOO,POUCA EXPERIÊNCIA DO PILOTO,PROCESSO DECISÓRIO",13,5,6,1,1,0
45785,"APLICAÇÃO DE COMANDOS,FABRICAÇÃO",2,0,1,1,0,0
45799,"MANUTENÇÃO DE AERONAVE,SUPERVISÃO GERENCIAL",2,0,2,0,0,0
45819,"APLICAÇÃO DE COMANDOS,ATITUDE,CULTURA ORGANIZACIONAL,FABRICAÇÃO,FORMAÇÃO, CAPACITAÇÃO E TREINAMENTO,JULGAMENTO DE PILOTAGEM,MANUTENÇÃO DE AERONAVE,MOTIVAÇÃO,ORGANIZAÇÃO DO TRABALHO,PROCESSO DECISÓRIO",10,6,3,1,0,0
45820,"ATENÇÃO,ATITUDE,COMUNICAÇÃO,CONDIÇÕES METEOROLÓGICAS ADVERSAS,DESORIENTAÇÃO,ESTADO EMOCIONAL,JULGAMENTO DE PILOTAGEM,MOTIVAÇÃO,ORGANIZAÇÃO DO TRABALHO,PERCEPÇÃO,PLANEJAMENTO DE VOO,POUCA EXPERIÊNCIA DO PILOTO,PROCESSO DECISÓRIO,SUPERVISÃO GERENCIAL",14,9,4,0,1,0
45821,"INDISCIPLINA DE VOO,PLANEJAMENTO DE VOO",2,0,2,0,0,0
45822,MANUTENÇÃO DE AERONAVE,1,0,1,0,0,0
45829,PLANEJAMENTO DE VOO,1,0,1,0,0,0
45833,MANUTENÇÃO DE AERONAVE,1,0,1,0,0,0
45856,MANUTENÇÃO DE AERONAVE,1,0,1,0,0,0
45866,"APLICAÇÃO DE COMANDOS,JULGAMENTO DE PILOTAGEM,PLANEJAMENTO DE VOO,SUPERVISÃO GERENCIAL",4,0,4,0,0,0
45891,"MANUTENÇÃO DE AERONAVE,SUPERVISÃO GERENCIAL",2,0,2,0,0,0
45899,"APLICAÇÃO DE COMANDOS,POUCA EXPERIÊNCIA DO PILOTO",2,0,2,0,0,0
45900,"CONDIÇÕES METEOROLÓGICAS ADVERSAS,PLANEJAMENTO DE VOO,SUPERVISÃO GERENCIAL",3,0,2,0,1,0
45901,"APLICAÇÃO DE COMANDOS,JULGAMENTO DE PILOTAGEM",2,0,2,0,0,0
45912,"APLICAÇÃO DE COMANDOS,JULGAMENTO DE PILOTAGEM",2,0,2,0,0,0
45914,"APLICAÇÃO DE COMANDOS,COORDENAÇÃO DE CABINE,ESQUECIMENTO DO PILOTO,INSTRUÇÃO,POUCA EXPERIÊNCIA DO PILOTO",5,0,5,0,0,0
45927,MANUTENÇÃO DE AERONAVE,1,0,1,0,0,0
45929,JULGAMENTO DE PILOTAGEM,1,0,1,0,0,0
45930,"INFLUÊNCIA DO MEIO AMBIENTE,INSTRUÇÃO,JULGAMENTO DE PILOTAGEM",3,1,2,0,0,0
45932,"COORDENAÇÃO DE CABINE,INDISCIPLINA DE VOO,JULGAMENTO DE PILOTAGEM,MANUTENÇÃO DE AERONAVE",4,0,4,0,0,0
45933,"CONDIÇÕES METEOROLÓGICAS ADVERSAS,PLANEJAMENTO DE VOO",2,0,1,0,1,0
45934,"ATENÇÃO,ATITUDE,FORMAÇÃO, CAPACITAÇÃO E TREINAMENTO,INDISCIPLINA DE VOO,INSTRUÇÃO,PESSOAL DE APOIO,PLANEJAMENTO GERENCIAL",7,3,4,0,0,0
45936,JULGAMENTO DE PILOTAGEM,1,0,1,0,0,0
46024,"APLICAÇÃO DE COMANDOS,INSTRUÇÃO,JULGAMENTO DE PILOTAGEM,SUPERVISÃO GERENCIAL",4,0,4,0,0,0
46026,"APLICAÇÃO DE COMANDOS,JULGAMENTO DE PILOTAGEM",2,0,2,0,0,0
46042,"MANUTENÇÃO DE AERONAVE,SUPERVISÃO GERENCIAL",2,0,2,0,0,0
46048,MANUTENÇÃO DE AERONAVE,1,0,1,0,0,0
46049,"JULGAMENTO DE PILOTAGEM,POUCA EXPERIÊNCIA DO PILOTO",2,0,2,0,0,0
46092,"ATENÇÃO,ATITUDE,CLIMA ORGANIZACIONAL,COMUNICAÇÃO,CULTURA DO GRUPO DE TRABALHO,CULTURA ORGANIZACIONAL,JULGAMENTO DE PILOTAGEM,ORGANIZAÇÃO DO TRABALHO,PROCESSO DECISÓRIO,SUPERVISÃO GERENCIAL",10,8,2,0,0,0
46093,"COORDENAÇÃO DE CABINE,ESQUECIMENTO DO PILOTO,INDISCIPLINA DE VOO,JULGAMENTO DE PILOTAGEM",4,0,4,0,0,0
46152,"APLICAÇÃO DE COMANDOS,CONDIÇÕES METEOROLÓGICAS ADVERSAS,INDISCIPLINA DE VOO,JULGAMENTO DE PILOTAGEM,PLANEJAMENTO DE VOO",5,0,4,0,1,0
46154,MANUTENÇÃO DE AERONAVE,1,0,1,0,0,0
46170,"APLICAÇÃO DE COMANDOS,ATITUDE,COORDENAÇÃO DE CABINE,JULGAMENTO DE PILOTAGEM,PERCEPÇÃO,PLANEJAMENTO DE VOO,PROCESSO DECISÓRIO,SISTEMAS DE APOIO",8,4,4,0,0,0
46172,"COORDENAÇÃO DE CABINE,JULGAMENTO DE PILOTAGEM,PROCESSO DECISÓRIO",3,1,2,0,0,0
46187,PROJETO,1,0,0,1,0,0
46199,"ATENÇÃO,JULGAMENTO DE PILOTAGEM,MANUTENÇÃO DE AERONAVE,MEMÓRIA,ORGANIZAÇÃO DO TRABALHO,PERCEPÇÃO,PLANEJAMENTO DE VOO,PLANEJAMENTO GERENCIAL,PROCESSO DECISÓRIO",9,5,4,0,0,0
46200,MANUTENÇÃO DE AERONAVE,1,0,1,0,0,0
46201,APLICAÇÃO DE COMANDOS,1,0,1,0,0,0
46202,"ATITUDE,COMUNICAÇÃO,CONDIÇÕES METEOROLÓGICAS ADVERSAS,COORDENAÇÃO DE CABINE,DINÂMICA DE EQUIPE,INDISCIPLINA DE VOO,JULGAMENTO DE PILOTAGEM",7,3,3,0,1,0
46256,"APLICAÇÃO DE COMANDOS,ATITUDE,COORDENAÇÃO DE CABINE,JULGAMENTO DE PILOTAGEM,PERCEPÇÃO,PLANEJAMENTO DE VOO",6,2,4,0,0,0
46257,"JULGAMENTO DE PILOTAGEM,MANUTENÇÃO DE AERONAVE,SUPERVISÃO GERENCIAL",3,0,3,0,0,0
46259,APLICAÇÃO DE COMANDOS,1,0,1,0,0,0
46260,"INFLUÊNCIA DO MEIO AMBIENTE,PLANEJAMENTO DE VOO",2,1,1,0,0,0
46261,"INDISCIPLINA DE VOO,JULGAMENTO DE PILOTAGEM,PLANEJAMENTO DE VOO,POUCA EXPERIÊNCIA DO PILOTO",4,0,4,0,0,0
46263,"JULGAMENTO DE PILOTAGEM,PLANEJAMENTO DE VOO,PLANEJAMENTO GERENCIAL,POUCA EXPERIÊNCIA DO PILOTO",4,0,4,0,0,0
46280,"JULGAMENTO DE PILOTAGEM,PLANEJAMENTO DE VOO",2,0,2,0,0,0
46281,"INSTRUÇÃO,MANUTENÇÃO DE AERONAVE,SUPERVISÃO GERENCIAL",3,0,3,0,0,0
46282,ESQUECIMENTO DO PILOTO,1,0,1,0,0,0
46300,PROJETO,1,0,0,1,0,0
46336,"APLICAÇÃO DE COMANDOS,JULGAMENTO DE PILOTAGEM",2,0,2,0,0,0
46337,"JULGAMENTO DE PILOTAGEM,POUCA EXPERIÊNCIA DO PILOTO",2,0,2,0,0,0
46338,OUTRO FATOR,1,0,0,0,0,1
46356,"APLICAÇÃO DE COMANDOS,CONDIÇÕES METEOROLÓGICAS ADVERSAS,INDISCIPLINA DE VOO,INSTRUÇÃO,JULGAMENTO DE PILOTAGEM,OUTRO FATOR,PLANEJAMENTO DE VOO",7,0,5,0,1,1
46368,"APLICAÇÃO DE COMANDOS,INSTRUÇÃO,JULGAMENTO DE PILOTAGEM",3,0,3,0,0,0
46373,MANUTENÇÃO DE AERONAVE,1,0,1,0,0,0
46411,"ATENÇÃO,INFRAESTRUTURA AEROPORTUÁRIA,JULGAMENTO DE PILOTAGEM",3,1,2,0,0,0
46415,"MANUTENÇÃO DE AERONAVE,SUPERVISÃO GERENCIAL",2,0,2,0,0,0
46431,MANUTENÇÃO DE AERONAVE,1,0,1,0,0,0
46434,"CONDIÇÕES METEOROLÓGICAS ADVERSAS,JULGAMENTO DE PILOTAGEM,PERCEPÇÃO,PLANEJAMENTO DE VOO,SISTEMAS DE APOIO,SUPERVISÃO GERENCIAL",6,2,3,0,1,0
46435,"APLICAÇÃO DE COMANDOS,COMUNICAÇÃO,ESQUECIMENTO DO PILOTO,FORMAÇÃO, CAPACITAÇÃO E TREINAMENTO,INSTRUÇÃO,MANUTENÇÃO DE AERONAVE,ORGANIZAÇÃO DO TRABALHO,PLANEJAMENTO GERENCIAL,POUCA EXPERIÊNCIA DO PILOTO,PROCESSOS ORGANIZACIONAIS,SUPERVISÃO GERENCIAL",11,4,7,0,0,0
46437,"ATITUDE,ENFERMIDADE,INDISCIPLINA DE VOO",3,2,1,0,0,0
46443,"APLICAÇÃO DE COMANDOS,JULGAMENTO DE PILOTAGEM,MANUTENÇÃO DE AERONAVE,SUPERVISÃO GERENCIAL",4,0,4,0,0,0
46444,"INDISCIPLINA DE VOO,INFRAESTRUTURA AEROPORTUÁRIA,SUPERVISÃO GERENCIAL",3,0,3,0,0,0
46445,MANUTENÇÃO DE AERONAVE,1,0,1,0,0,0
46446,"APLICAÇÃO DE COMANDOS,CONDIÇÕES METEOROLÓGICAS ADVERSAS,COORDENAÇÃO DE CABINE,INFRAESTRUTURA AEROPORTUÁRIA,JULGAMENTO DE PILOTAGEM",5,0,4,0,1,0
46449,"APLICAÇÃO DE COMANDOS,CONDIÇÕES METEOROLÓGICAS ADVERSAS",2,0,1,0,1,0
46450,ESQUECIMENTO DO PILOTO,1,0,1,0,0,0
46451,"COORDENAÇÃO DE TRÁFEGO,PLANEJAMENTO DE VOO",2,0,2,0,0,0
46496,"INDISCIPLINA DE VOO,JULGAMENTO DE PILOTAGEM,PLANEJAMENTO DE VOO",3,0,3,0,0,0
46498,APLICAÇÃO DE COMANDOS,1,0,1,0,0,0
46563,"APLICAÇÃO DE COMANDOS,ATITUDE,CONDIÇÕES METEOROLÓGICAS ADVERSAS,JULGAMENTO DE PILOTAGEM,RELAÇÕES INTERPESSOAIS",5,2,2,0,1,0
46564,APLICAÇÃO DE COMANDOS,1,0,1,0,0,0
46565,PLANEJAMENTO DE VOO,1,0,1,0,0,0
46568,JULGAMENTO DE PILOTAGEM,1,0,1,0,0,0
46570,"APLICAÇÃO DE COMANDOS,ATITUDE,COMUNICAÇÃO,CONDIÇÕES METEOROLÓGICAS ADVERSAS,COORDENAÇÃO DE CABINE,DINÂMICA DE EQUIPE,INFRAESTRUTURA AEROPORTUÁRIA,JULGAMENTO DE PILOTAGEM,PERCEPÇÃO,PROCESSO DECISÓRIO",10,5,4,0,1,0
46582,"APLICAÇÃO DE COMANDOS,ATITUDE,CONDIÇÕES METEOROLÓGICAS ADVERSAS,DESORIENTAÇÃO,INDISCIPLINA DE VOO,JULGAMENTO DE PILOTAGEM,MOTIVAÇÃO,PERCEPÇÃO,PLANEJAMENTO DE VOO,PROCESSOS ORGANIZACIONAIS,SUPERVISÃO GERENCIAL",11,5,5,0,1,0
46583,"CARACTERÍSTICAS DA TAREFA,COORDENAÇÃO DE CABINE,CULTURA DO GRUPO DE TRABALHO,ESTRESSE,FADIGA,JULGAMENTO DE PILOTAGEM,MANUTENÇÃO DE AERONAVE,MOTIVAÇÃO,ORGANIZAÇÃO DO TRABALHO,PLANEJAMENTO DE VOO,PROCESSO DECISÓRIO,PROCESSOS ORGANIZACIONAIS,SUPERVISÃO GERENCIAL",13,8,5,0,0,0
46584,"MANUTENÇÃO DE AERONAVE,SUPERVISÃO GERENCIAL",2,0,2,0,0,0
46590,"APLICAÇÃO DE COMANDOS,JULGAMENTO DE PILOTAGEM",2,0,2,0,0,0
46591,"CONDIÇÕES METEOROLÓGICAS ADVERSAS,JULGAMENTO DE PILOTAGEM,MANUTENÇÃO DE AERONAVE,PERCEPÇÃO,PROCESSOS ORGANIZACIONAIS,SUPERVISÃO GERENCIAL",6,2,3,0,1,0
46630,MANUTENÇÃO DE AERONAVE,1,0,1,0,0,0
46712,"JULGAMENTO DE PILOTAGEM,PLANEJAMENTO DE VOO",2,0,2,0,0,0
46734,MANUTENÇÃO DE AERONAVE,1,0,1,0,0,0
46746,"ATENÇÃO,ESQUECIMENTO DO PILOTO,ESTADO EMOCIONAL,ESTRESSE,INFLUÊNCIAS EXTERNAS,JULGAMENTO DE PILOTAGEM",6,4,2,0,0,0
46747,"MANUTENÇÃO DE AERONAVE,POUCA EXPERIÊNCIA DO PILOTO,PROCESSOS ORGANIZACIONAIS",3,1,2,0,0,0
46748,"APLICAÇÃO DE COMANDOS,ATITUDE,CONDIÇÕES METEOROLÓGICAS ADVERSAS,DESVIO DE NAVEGAÇÃO,INDISCIPLINA DE VOO,INFLUÊNCIA DO MEIO AMBIENTE,JULGAMENTO DE PILOTAGEM,PLANEJAMENTO DE VOO,POUCA EXPERIÊNCIA DO PILOTO,PROCESSO DECISÓRIO",10,3,6,0,1,0
46750,"JULGAMENTO DE PILOTAGEM,PLANEJAMENTO DE VOO",2,0,2,0,0,0
46751,"APLICAÇÃO DE COMANDOS,CARACTERÍSTICAS DA TAREFA,CULTURA DO GRUPO DE TRABALHO,FADIGA,INCONSCIÊNCIA,JULGAMENTO DE PILOTAGEM,OBESIDADE,PLANEJAMENTO DE VOO,PLANEJAMENTO GERENCIAL,PROCESSO DECISÓRIO,PROCESSOS ORGANIZACIONAIS,SOBRECARGA DE TAREFAS,SUPERVISÃO GERENCIAL",13,8,5,0,0,0
46753,"PLANEJAMENTO DE VOO,PROCESSOS ORGANIZACIONAIS,SISTEMAS DE APOIO,SUPERVISÃO GERENCIAL",4,2,2,0,0,0
46756,MANUTENÇÃO DE AERONAVE,1,0,1,0,0,0
46840,"CONDIÇÕES METEOROLÓGICAS ADVERSAS,JULGAMENTO DE PILOTAGEM,PLANEJAMENTO DE VOO,PROCESSO DECISÓRIO",4,1,2,0,1,0
46846,"DESORIENTAÇÃO,POUCA EXPERIÊNCIA DO PILOTO",2,1,1,0,0,0
46852,JULGAMENTO DE PILOTAGEM,1,0,1,0,0,0
46854,"JULGAMENTO DE PILOTAGEM,PLANEJAMENTO DE VOO",2,0,2,0,0,0
46855,"ATENÇÃO,ESQUECIMENTO DO PILOTO,MEMÓRIA,MOTIVAÇÃO,OUTRO FATOR,PERCEPÇÃO",6,4,1,0,0,1
46856,"ATENÇÃO,MANUTENÇÃO DE AERONAVE",2,1,1,0,0,0
46860,MANUTENÇÃO DE AERONAVE,1,0,1,0,0,0
46864,"APLICAÇÃO DE COMANDOS,INFRAESTRUTURA AEROPORTUÁRIA,JULGAMENTO DE PILOTAGEM",3,0,3,0,0,0
46865,"MANUTENÇÃO DE AERONAVE,SUPERVISÃO GERENCIAL",2,0,2,0,0,0
46873,"MANUTENÇÃO DE AERONAVE,PLANEJAMENTO GERENCIAL,SUPERVISÃO GERENCIAL",3,0,3,0,0,0
46901,"MANUTENÇÃO DE AERONAVE,OUTRO FATOR",2,0,1,0,0,1
46916,"ÁLCOOL,DESORIENTAÇÃO,FADIGA,ORGANIZAÇÃO DO TRABALHO,SUPERVISÃO GERENCIAL",5,4,1,0,0,0
46918,"MANUTENÇÃO DE AERONAVE,SUPERVISÃO GERENCIAL",2,0,2,0,0,0
46969,"APLICAÇÃO DE COMANDOS,ATENÇÃO,ATITUDE,CONDIÇÕES METEOROLÓGICAS ADVERSAS,DESORIENTAÇÃO,INSTRUÇÃO,JULGAMENTO DE PILOTAGEM,MEMÓRIA,PERCEPÇÃO,PLANEJAMENTO DE VOO,POUCA EXPERIÊNCIA DO PILOTO,PROCESSO DECISÓRIO,PROCESSOS ORGANIZACIONAIS,SUPERVISÃO GERENCIAL",14,7,6,0,1,0
47012,"APLICAÇÃO DE COMANDOS,ATITUDE,CONDIÇÕES METEOROLÓGICAS ADVERSAS,INDISCIPLINA DE VOO,JULGAMENTO DE PILOTAGEM,PLANEJAMENTO DE VOO,PROCESSO DECISÓRIO",7,2,4,0,1,0
47013,"CONDIÇÕES METEOROLÓGICAS ADVERSAS,INDISCIPLINA DE VOO,JULGAMENTO DE PILOTAGEM,PLANEJAMENTO DE VOO",4,0,3,0,1,0
47015,"ATITUDE,CULTURA DO GRUPO DE TRABALHO,INFRAESTRUTURA AEROPORTUÁRIA,INSTRUÇÃO,JULGAMENTO DE PILOTAGEM,PLANEJAMENTO DE VOO,PUBLICAÇÕES (ATS),SISTEMAS DE APOIO",8,3,5,0,0,0
47047,"MANUTENÇÃO DE AERONAVE,ORGANIZAÇÃO DO TRABALHO,SUPERVISÃO GERENCIAL",3,1,2,0,0,0
47074,"MANUTENÇÃO DE AERONAVE,SUPERVISÃO GERENCIAL",2,0,2,0,0,0
47075,"INSTRUÇÃO,MANUTENÇÃO DE AERONAVE,SUPERVISÃO GERENCIAL",3,0,3,0,0,0
47110,"ATITUDE,CULTURA DO GRUPO DE TRABALHO,EQUIPAMENTO - CARACTERÍSTICAS ERGONÔMICAS,JULGAMENTO DE PILOTAGEM,MANUTENÇÃO DE AERONAVE,MEMÓRIA",6,4,2,0,0,0
47133,JULGAMENTO DE PILOTAGEM,1,0,1,0,0,0
47142,"APLICAÇÃO DE COMANDOS,ATITUDE,CULTURA ORGANIZACIONAL,ESTADO EMOCIONAL,FORMAÇÃO, CAPACITAÇÃO E TREINAMENTO,INFLUÊNCIA DO MEIO AMBIENTE,INSTRUÇÃO,MOTIVAÇÃO,ORGANIZAÇÃO DO TRABALHO,PERCEPÇÃO,PLANEJAMENTO GERENCIAL,POUCA EXPERIÊNCIA DO PILOTO,SUPERVISÃO GERENCIAL",13,8,5,0,0,0
47156,"INDISCIPLINA DE VOO,MANUTENÇÃO DE AERONAVE,SUPERVISÃO GERENCIAL",3,0,3,0,0,0
47354,MANUTENÇÃO DE AERONAVE,1,0,1,0,0,0
47649,"MANUTENÇÃO DE AERONAVE,SUPERVISÃO GERENCIAL",2,0,2,0,0,0
47652,APLICAÇÃO DE COMANDOS,1,0,1,0,0,0
47661,"PLANEJAMENTO DE VOO,SUPERVISÃO GERENCIAL",2,0,2,0,0,0
47697,"JULGAMENTO DE PILOTAGEM,POUCA EXPERIÊNCIA DO PILOTO",2,0,2,0,0,0
47876,MANUTENÇÃO DE AERONAVE,1,0,1,0,0,0
47879,"ESQUECIMENTO DO PILOTO,FORMAÇÃO, CAPACITAÇÃO E TREINAMENTO,INSTRUÇÃO,JULGAMENTO DE PILOTAGEM,MEMÓRIA",5,2,3,0,0,0
47938,"ATENÇÃO,INFRAESTRUTURA AEROPORTUÁRIA,JULGAMENTO DE PILOTAGEM,PLANEJAMENTO DE TRÁFEGO,PUBLICAÇÕES (ATS),SISTEMAS DE APOIO,SUPERVISÃO (ATS),SUPERVISÃO GERENCIAL",8,2,6,0,0,0
47966,"INDISCIPLINA DE VOO,MANUTENÇÃO DE AERONAVE,SUPERVISÃO GERENCIAL",3,0,3,0,0,0
47981,"ATENÇÃO,ATITUDE,DESORIENTAÇÃO,ESTADO EMOCIONAL,ESTRESSE,INDISCIPLINA DE VOO,JULGAMENTO DE PILOTAGEM,PERCEPÇÃO,PROCESSO DECISÓRIO",9,7,2,0,0,0
48055,"APLICAÇÃO DE COMANDOS,POUCA EXPERIÊNCIA DO PILOTO",2,0,2,0,0,0
48429,"ATITUDE,MEMÓRIA",2,2,0,0,0,0
48438,"APLICAÇÃO DE COMANDOS,COORDENAÇÃO DE CABINE,INSTRUÇÃO,JULGAMENTO DE PILOTAGEM,PLANEJAMENTO DE VOO,POUCA EXPERIÊNCIA DO PILOTO,SUPERVISÃO GERENCIAL",7,0,7,0,0,0
48630,JULGAMENTO DE PILOTAGEM,1,0,1,0,0,0
48652,"ATITUDE,COMUNICAÇÃO,CULTURA DO GRUPO DE TRABALHO,INDISCIPLINA DE VOO,JULGAMENTO DE PILOTAGEM,PLANEJAMENTO DE VOO,SISTEMAS DE APOIO",7,4,3,0,0,0
48653,"CONDIÇÕES METEOROLÓGICAS ADVERSAS,PLANEJAMENTO DE VOO,SUPERVISÃO GERENCIAL",3,0,2,0,1,0
48661,"APLICAÇÃO DE COMANDOS,POUCA EXPERIÊNCIA DO PILOTO",2,0,2,0,0,0
48727,"ATITUDE,CARACTERÍSTICAS DA TAREFA,CLIMA ORGANIZACIONAL,CONDIÇÕES METEOROLÓGICAS ADVERSAS,CULTURA DO GRUPO DE TRABALHO,CULTURA ORGANIZACIONAL,FORMAÇÃO, CAPACITAÇÃO E TREINAMENTO,LIDERANÇA,ORGANIZAÇÃO DO TRABALHO,PLANEJAMENTO DE VOO,PROCESSO DECISÓRIO,PROCESSOS ORGANIZACIONAIS,SISTEMAS DE APOIO,SUPERVISÃO GERENCIAL",14,11,2,0,1,0
48762,"MANUTENÇÃO DE AERONAVE,SUPERVISÃO GERENCIAL",2,0,2,0,0,0
48772,"JULGAMENTO DE PILOTAGEM,MANUTENÇÃO DE AERONAVE",2,0,2,0,0,0
48791,"INDISCIPLINA DE VOO,SUPERVISÃO GERENCIAL",2,0,2,0,0,0
48795,"INDISCIPLINA DE VOO,PLANEJAMENTO GERENCIAL",2,0,2,0,0,0
48796,"INDISCIPLINA DE VOO,JULGAMENTO DE PILOTAGEM,PLANEJAMENTO DE VOO",3,0,3,0,0,0
48797,"ATITUDE,CULTURA DO GRUPO DE TRABALHO,INSTRUÇÃO,JULGAMENTO DE PILOTAGEM,PLANEJAMENTO DE VOO,SISTEMAS DE APOIO,SUPERVISÃO GERENCIAL",7,3,4,0,0,0
48800,PLANEJAMENTO DE VOO,1,0,1,0,0,0
48804,MANUTENÇÃO DE AERONAVE,1,0,1,0,0,0
48876,ESQUECIMENTO DO PILOTO,1,0,1,0,0,0
48878,APLICAÇÃO DE COMANDOS,1,0,1,0,0,0
48879,"APLICAÇÃO DE COMANDOS,POUCA EXPERIÊNCIA DO PILOTO",2,0,2,0,0,0
48881,"JULGAMENTO DE PILOTAGEM,PLANEJAMENTO DE VOO",2,0,2,0,0,0
49053,"APLICAÇÃO DE COMANDOS,INDISCIPLINA DE VOO,PLANEJAMENTO DE VOO",3,0,3,0,0,0
49113,"JULGAMENTO DE PILOTAGEM,MANUTENÇÃO DE AERONAVE",2,0,2,0,0,0
49116,"APLICAÇÃO DE COMANDOS,ESTRESSE,FORMAÇÃO, CAPACITAÇÃO E TREINAMENTO,INFLUÊNCIAS EXTERNAS,JULGAMENTO DE PILOTAGEM,PERCEPÇÃO,PLANEJAMENTO DE TRÁFEGO,PLANEJAMENTO DE VOO,PROCESSO DECISÓRIO,PROCESSOS ORGANIZACIONAIS,PUBLICAÇÕES (ATS)",11,6,5,0,0,0
49117,ESQUECIMENTO DO PILOTO,1,0,1,0,0,0
49118,"INDISCIPLINA DE VOO,PLANEJAMENTO DE VOO,SUPERVISÃO GERENCIAL",3,0,3,0,0,0
49119,"APLICAÇÃO DE COMANDOS,CONDIÇÕES METEOROLÓGICAS ADVERSAS,JULGAMENTO DE PILOTAGEM",3,0,2,0,1,0
49121,POUCA EXPERIÊNCIA DO PILOTO,1,0,1,0,0,0
49122,ESQUECIMENTO DO PILOTO,1,0,1,0,0,0
49123,"JULGAMENTO DE PILOTAGEM,POUCA EXPERIÊNCIA DO PILOTO",2,0,2,0,0,0
49125,"APLICAÇÃO DE COMANDOS,JULGAMENTO DE PILOTAGEM,PLANEJAMENTO DE VOO,POUCA EXPERIÊNCIA DO PILOTO,SUPERVISÃO GERENCIAL",5,0,5,0,0,0
49152,"APLICAÇÃO DE COMANDOS,JULGAMENTO DE PILOTAGEM,POUCA EXPERIÊNCIA DO PILOTO",3,0,3,0,0,0
49156,APLICAÇÃO DE COMANDOS,1,0,1,0,0,0
49157,APLICAÇÃO DE COMANDOS,1,0,1,0,0,0
49194,"APLICAÇÃO DE COMANDOS,JULGAMENTO DE PILOTAGEM,POUCA EXPERIÊNCIA DO PILOTO",3,0,3,0,0,0
49237,"ATITUDE,DESORIENTAÇÃO,INDISCIPLINA DE VOO,JULGAMENTO DE PILOTAGEM,PROCESSO DECISÓRIO",5,3,2,0,0,0
49451,"APLICAÇÃO DE COMANDOS,POUCA EXPERIÊNCIA DO PILOTO",2,0,2,0,0,0
49454,"MANUTENÇÃO DE AERONAVE,OUTRO FATOR",2,0,1,0,0,1
49472,"CONDIÇÕES METEOROLÓGICAS ADVERSAS,INDISCIPLINA DE VOO,JULGAMENTO DE PILOTAGEM,PLANEJAMENTO DE VOO",4,0,3,0,1,0
49473,"ESQUECIMENTO DO PILOTO,INDISCIPLINA DE VOO,JULGAMENTO DE PILOTAGEM",3,0,3,0,0,0
49474,"APLICAÇÃO DE COMANDOS,CONDIÇÕES METEOROLÓGICAS ADVERSAS,OUTRO FATOR",3,0,1,0,1,1
49475,"APLICAÇÃO DE COMANDOS,POUCA EXPERIÊNCIA DO PILOTO",2,0,2,0,0,0
49494,"APLICAÇÃO DE COMANDOS,POUCA EXPERIÊNCIA DO PILOTO",2,0,2,0,0,0
49513,"MANUSEIO DO MATERIAL,MANUTENÇÃO DE AERONAVE,SUPERVISÃO GERENCIAL",3,0,2,1,0,0
49591,PLANEJAMENTO DE VOO,1,0,1,0,0,0
49592,"JULGAMENTO DE PILOTAGEM,PLANEJAMENTO DE VOO",2,0,2,0,0,0
49593,"APLICAÇÃO DE COMANDOS,MANUTENÇÃO DE AERONAVE,PROCESSOS ORGANIZACIONAIS,SUPERVISÃO GERENCIAL",4,1,3,0,0,0
49611,"ESTRESSE,JULGAMENTO DE PILOTAGEM,MANUTENÇÃO DE AERONAVE",3,1,2,0,0,0
49612,POUCA EXPERIÊNCIA DO PILOTO,1,0,1,0,0,0
49615,INDISCIPLINA DE VOO,1,0,1,0,0,0
49616,"APLICAÇÃO DE COMANDOS,ATENÇÃO,ATITUDE,ESTADO EMOCIONAL,INDISCIPLINA DE VOO,JULGAMENTO DE PILOTAGEM,MOTIVAÇÃO,PERCEPÇÃO,PLANEJAMENTO DE VOO,PROCESSO DECISÓRIO,RELAÇÕES INTERPESSOAIS",11,7,4,0,0,0
49618,"ATENÇÃO,ATITUDE,COMUNICAÇÃO,DINÂMICA DE EQUIPE,MANUSEIO DO MATERIAL,MANUTENÇÃO DE AERONAVE,MOTIVAÇÃO,OUTRO FATOR,PROCESSO DECISÓRIO,PROCESSOS ORGANIZACIONAIS,RELAÇÕES INTERPESSOAIS,SUPERVISÃO GERENCIAL",12,8,2,1,0,1
49619,APLICAÇÃO DE COMANDOS,1,0,1,0,0,0
49620,"APLICAÇÃO DE COMANDOS,POUCA EXPERIÊNCIA DO PILOTO",2,0,2,0,0,0
49651,"CULTURA ORGANIZACIONAL,MANUTENÇÃO DE AERONAVE,PROCESSOS ORGANIZACIONAIS,SUPERVISÃO GERENCIAL",4,2,2,0,0,0
49671,"JULGAMENTO DE PILOTAGEM,PLANEJAMENTO DE VOO",2,0,2,0,0,0
49673,"APLICAÇÃO DE COMANDOS,POUCA EXPERIÊNCIA DO PILOTO",2,0,2,0,0,0
49691,"ESQUECIMENTO DO PILOTO,INFRAESTRUTURA AEROPORTUÁRIA",2,0,2,0,0,0
49692,MANUTENÇÃO DE AERONAVE,1,0,1,0,0,0
49751,"APLICAÇÃO DE COMANDOS,POUCA EXPERIÊNCIA DO PILOTO",2,0,2,0,0,0
49795,MANUTENÇÃO DE AERONAVE,1,0,1,0,0,0
49796,INDISCIPLINA DE VOO,1,0,1,0,0,0
49797,MANUTENÇÃO DE AERONAVE,1,0,1,0,0,0
49798,"MANUTENÇÃO DE AERONAVE,SUPERVISÃO GERENCIAL",2,0,2,0,0,0
49814,APLICAÇÃO DE COMANDOS,1,0,1,0,0,0
49876,"INDISCIPLINA DE VOO,JULGAMENTO DE PILOTAGEM,SUPERVISÃO GERENCIAL",3,0,3,0,0,0
49878,MANUTENÇÃO DE AERONAVE,1,0,1,0,0,0
49880,"MANUTENÇÃO DE AERONAVE,PROCESSOS ORGANIZACIONAIS,SUPERVISÃO GERENCIAL",3,1,2,0,0,0
49882,"INDISCIPLINA DE VOO,SUPERVISÃO GERENCIAL",2,0,2,0,0,0
49892,"INDISCIPLINA DE VOO,SUPERVISÃO GERENCIAL",2,0,2,0,0,0
49931,"APLICAÇÃO DE COMANDOS,JULGAMENTO DE PILOTAGEM",2,0,2,0,0,0
49932,"APLICAÇÃO DE COMANDOS,POUCA EXPERIÊNCIA DO PILOTO",2,0,2,0,0,0
49933,INDISCIPLINA DE VOO,1,0,1,0,0,0
49934,ESQUECIMENTO DO PILOTO,1,0,1,0,0,0
50053,"APLICAÇÃO DE COMANDOS,COORDENAÇÃO DE CABINE,PLANEJAMENTO DE VOO",3,0,3,0,0,0
50091,"ATENÇÃO,ATITUDE,CONDIÇÕES METEOROLÓGICAS ADVERSAS,DESORIENTAÇÃO,INDISCIPLINA DE VOO,JULGAMENTO DE PILOTAGEM,PERCEPÇÃO,PLANEJAMENTO DE VOO,POUCA EXPERIÊNCIA DO PILOTO,PROCESSO DECISÓRIO",10,5,4,0,1,0
50095,"INFLUÊNCIA DO MEIO AMBIENTE,JULGAMENTO DE PILOTAGEM,POUCA EXPERIÊNCIA DO PILOTO",3,1,2,0,0,0
50097,"ATITUDE,COMUNICAÇÃO,COORDENAÇÃO DE CABINE,CULTURA ORGANIZACIONAL,DINÂMICA DE EQUIPE,ESTADO EMOCIONAL,FORMAÇÃO, CAPACITAÇÃO E TREINAMENTO,PERCEPÇÃO,PLANEJAMENTO DE VOO,PROCESSO DECISÓRIO,PROCESSOS ORGANIZACIONAIS,SISTEMAS DE APOIO",12,10,2,0,0,0
50131,PLANEJAMENTO DE VOO,1,0,1,0,0,0
50238,"APLICAÇÃO DE COMANDOS,ATITUDE,CULTURA DO GRUPO DE TRABALHO,INDISCIPLINA DE VOO,MANUTENÇÃO DE AERONAVE,ORGANIZAÇÃO DO TRABALHO,OUTRO FATOR,PERCEPÇÃO,PLANEJAMENTO GERENCIAL,POUCA EXPERIÊNCIA DO PILOTO,PROCESSOS ORGANIZACIONAIS,RELAÇÕES INTERPESSOAIS,SUPERVISÃO GERENCIAL",13,6,6,0,0,1
50240,"ATITUDE,COMUNICAÇÃO,COORDENAÇÃO DE CABINE,CULTURA ORGANIZACIONAL,FORMAÇÃO, CAPACITAÇÃO E TREINAMENTO,INSTRUÇÃO,ORGANIZAÇÃO DO TRABALHO,PESSOAL DE APOIO,PROCESSO DECISÓRIO,SUPERVISÃO GERENCIAL",10,6,4,0,0,0
50245,"CONDIÇÕES METEOROLÓGICAS ADVERSAS,JULGAMENTO DE PILOTAGEM",2,0,1,0,1,0
50246,"ATITUDE,MANUTENÇÃO DE AERONAVE,SUPERVISÃO GERENCIAL",3,1,2,0,0,0
50251,"APLICAÇÃO DE COMANDOS,POUCA EXPERIÊNCIA DO PILOTO",2,0,2,0,0,0
50252,JULGAMENTO DE PILOTAGEM,1,0,1,0,0,0
50253,"JULGAMENTO DE PILOTAGEM,PLANEJAMENTO DE VOO",2,0,2,0,0,0
50291,"MANUTENÇÃO DE AERONAVE,SUPERVISÃO GERENCIAL",2,0,2,0,0,0
50292,"INDISCIPLINA DE VOO,JULGAMENTO DE PILOTAGEM,POUCA EXPERIÊNCIA DO PILOTO,SUPERVISÃO GERENCIAL",4,0,4,0,0,0
50313,"COORDENAÇÃO DE CABINE,ESQUECIMENTO DO PILOTO",2,0,2,0,0,0
50314,"EQUIPAMENTO DE APOIO (ATS),FORMAÇÃO, CAPACITAÇÃO E TREINAMENTO,PESSOAL DE APOIO,SUPERVISÃO GERENCIAL",4,1,3,0,0,0
50315,"APLICAÇÃO DE COMANDOS,JULGAMENTO DE PILOTAGEM,POUCA EXPERIÊNCIA DO PILOTO",3,0,3,0,0,0
50317,"APLICAÇÃO DE COMANDOS,JULGAMENTO DE PILOTAGEM,PERCEPÇÃO,PROCESSO DECISÓRIO",4,2,2,0,0,0
50320,"APLICAÇÃO DE COMANDOS,ATITUDE,COORDENAÇÃO DE CABINE,CULTURA DO GRUPO DE TRABALHO,INDISCIPLINA DE VOO,JULGAMENTO DE PILOTAGEM,ORGANIZAÇÃO DO TRABALHO,PLANEJAMENTO GERENCIAL,PROCESSO DECISÓRIO,PROCESSOS ORGANIZACIONAIS,SUPERVISÃO GERENCIAL",11,5,6,0,0,0
50322,"COORDENAÇÃO DE CABINE,ESQUECIMENTO DO PILOTO,ESTRESSE",3,1,2,0,0,0
50324,"ESQUECIMENTO DO PILOTO,INSTRUÇÃO",2,0,2,0,0,0
50331,"APLICAÇÃO DE COMANDOS,ATENÇÃO,FORMAÇÃO, CAPACITAÇÃO E TREINAMENTO,INFRAESTRUTURA AEROPORTUÁRIA,JULGAMENTO DE PILOTAGEM,MANUTENÇÃO DE AERONAVE,PROCESSO DECISÓRIO",7,3,4,0,0,0
50332,"JULGAMENTO DE PILOTAGEM,POUCA EXPERIÊNCIA DO PILOTO",2,0,2,0,0,0
50333,OUTRO FATOR,1,0,0,0,0,1
50334,JULGAMENTO DE PILOTAGEM,1,0,1,0,0,0
50337,"APLICAÇÃO DE COMANDOS,CONDIÇÕES METEOROLÓGICAS ADVERSAS,INSTRUÇÃO",3,0,2,0,1,0
50341,"APLICAÇÃO DE COMANDOS,JULGAMENTO DE PILOTAGEM",2,0,2,0,0,0
50342,"CULTURA ORGANIZACIONAL,ESQUECIMENTO DO PILOTO,FORMAÇÃO, CAPACITAÇÃO E TREINAMENTO,INDISCIPLINA DE VOO,INSTRUÇÃO,MEMÓRIA,MOTIVAÇÃO,POUCA EXPERIÊNCIA DO PILOTO,PROCESSO DECISÓRIO,SUPERVISÃO GERENCIAL",10,5,5,0,0,0
50343,APLICAÇÃO DE COMANDOS,1,0,1,0,0,0
50344,ESQUECIMENTO DO PILOTO,1,0,1,0,0,0
50346,ESQUECIMENTO DO PILOTO,1,0,1,0,0,0
50347,"APLICAÇÃO DE COMANDOS,POUCA EXPERIÊNCIA DO PILOTO",2,0,2,0,0,0
50453,PLANEJAMENTO DE VOO,1,0,1,0,0,0
50511,"APLICAÇÃO DE COMANDOS,JULGAMENTO DE PILOTAGEM,SUPERVISÃO GERENCIAL",3,0,3,0,0,0
50513,ESQUECIMENTO DO PILOTO,1,0,1,0,0,0
50714,ESQUECIMENTO DO PILOTO,1,0,1,0,0,0
50771,"APLICAÇÃO DE COMANDOS,JULGAMENTO DE PILOTAGEM",2,0,2,0,0,0
50791,"INDISCIPLINA DE VOO,JULGAMENTO DE PILOTAGEM",2,0,2,0,0,0
50792,ESQUECIMENTO DO PILOTO,1,0,1,0,0,0
50797,"ATITUDE,CULTURA DO GRUPO DE TRABALHO,CULTURA ORGANIZACIONAL,FORMAÇÃO, CAPACITAÇÃO E TREINAMENTO,INDISCIPLINA DE VOO,JULGAMENTO DE PILOTAGEM,MANUTENÇÃO DE AERONAVE,MOTIVAÇÃO,ORGANIZAÇÃO DO TRABALHO,PROCESSO DECISÓRIO,PROCESSOS ORGANIZACIONAIS,SISTEMAS DE APOIO,SUPERVISÃO GERENCIAL",13,9,4,0,0,0
50799,"ESQUECIMENTO DO PILOTO,JULGAMENTO DE PILOTAGEM",2,0,2,0,0,0
50800,"ATITUDE,COMUNICAÇÃO,ESTADO EMOCIONAL,FORMAÇÃO, CAPACITAÇÃO E TREINAMENTO,FRASEOLOGIA DA TRIPULAÇÃO,INSTRUÇÃO,JULGAMENTO DE PILOTAGEM,PERCEPÇÃO",8,5,3,0,0,0
50802,"JULGAMENTO DE PILOTAGEM,PLANEJAMENTO DE VOO,SUPERVISÃO GERENCIAL",3,0,3,0,0,0
50803,"INFRAESTRUTURA AEROPORTUÁRIA,JULGAMENTO DE PILOTAGEM,PLANEJAMENTO DE VOO",3,0,3,0,0,0
50804,"APLICAÇÃO DE COMANDOS,ATITUDE,ESTADO EMOCIONAL,FORMAÇÃO, CAPACITAÇÃO E TREINAMENTO,INDISCIPLINA DE VOO,MANUTENÇÃO DE AERONAVE,PROCESSO DECISÓRIO,RELAÇÕES INTERPESSOAIS",8,5,3,0,0,0
50807,"MANUTENÇÃO DE AERONAVE,SUPERVISÃO GERENCIAL",2,0,2,0,0,0
50810,"JULGAMENTO DE PILOTAGEM,PLANEJAMENTO DE VOO",2,0,2,0,0,0
50812,"INDISCIPLINA DE VOO,SUPERVISÃO GERENCIAL",2,0,2,0,0,0
50831,"APLICAÇÃO DE COMANDOS,INDISCIPLINA DE VOO,MANUTENÇÃO DE AERONAVE,PLANEJAMENTO DE VOO",4,0,4,0,0,0
50916,"INFRAESTRUTURA AEROPORTUÁRIA,JULGAMENTO DE PILOTAGEM,PLANEJAMENTO DE VOO",3,0,3,0,0,0
50919,"PLANEJAMENTO DE VOO,SUPERVISÃO GERENCIAL",2,0,2,0,0,0
50972,"ATENÇÃO,ATITUDE,CONDIÇÕES METEOROLÓGICAS ADVERSAS,ESTADO EMOCIONAL,ESTRESSE,INDISCIPLINA DE VOO,MANUTENÇÃO DE AERONAVE,ORGANIZAÇÃO DO TRABALHO,PERCEPÇÃO,PROCESSO DECISÓRIO,SUPERVISÃO GERENCIAL",11,7,3,0,1,0
50975,MANUTENÇÃO DE AERONAVE,1,0,1,0,0,0
50976,"PLANEJAMENTO DE VOO,SUPERVISÃO GERENCIAL",2,0,2,0,0,0
50978,MANUTENÇÃO DE AERONAVE,1,0,1,0,0,0
50979,ESQUECIMENTO DO PILOTO,1,0,1,0,0,0
50981,"APLICAÇÃO DE COMANDOS,JULGAMENTO DE PILOTAGEM",2,0,2,0,0,0
50983,"INDISCIPLINA DE VOO,MANUTENÇÃO DE AERONAVE",2,0,2,0,0,0
50984,"APLICAÇÃO DE COMANDOS,JULGAMENTO DE PILOTAGEM,PLANEJAMENTO DE VOO",3,0,3,0,0,0
50985,JULGAMENTO DE PILOTAGEM,1,0,1,0,0,0
50992,"APLICAÇÃO DE COMANDOS,FORMAÇÃO, CAPACITAÇÃO E TREINAMENTO,RELAÇÕES INTERPESSOAIS",3,2,1,0,0,0
50993,"INDISCIPLINA DE VOO,JULGAMENTO DE PILOTAGEM",2,0,2,0,0,0
50994,MANUTENÇÃO DE AERONAVE,1,0,1,0,0,0
50995,"APLICAÇÃO DE COMANDOS,PLANEJAMENTO DE VOO,PLANEJAMENTO GERENCIAL,SUPERVISÃO GERENCIAL",4,0,4,0,0,0
50996,"ATENÇÃO,ATITUDE,DESORIENTAÇÃO,INDISCIPLINA DE VOO,INFLUÊNCIA DO MEIO AMBIENTE,JULGAMENTO DE PILOTAGEM,PROCESSO DECISÓRIO,PROCESSOS ORGANIZACIONAIS,SISTEMAS DE APOIO,SUPERVISÃO GERENCIAL",10,7,3,0,0,0
50998,"INFRAESTRUTURA AEROPORTUÁRIA,SUPERVISÃO GERENCIAL",2,0,2,0,0,0
51004,"APLICAÇÃO DE COMANDOS,INSTRUÇÃO,JULGAMENTO DE PILOTAGEM,PLANEJAMENTO DE VOO,SUPERVISÃO GERENCIAL",5,0,5,0,0,0
51005,"APLICAÇÃO DE COMANDOS,CONDIÇÕES METEOROLÓGICAS ADVERSAS,JULGAMENTO DE PILOTAGEM",3,0,2,0,1,0
51006,"JULGAMENTO DE PILOTAGEM,MANUTENÇÃO DE AERONAVE,PLANEJAMENTO DE VOO,PLANEJAMENTO GERENCIAL,SUPERVISÃO GERENCIAL",5,0,5,0,0,0
51007,"ESQUECIMENTO DO PILOTO,POUCA EXPERIÊNCIA DO PILOTO",2,0,2,0,0,0
51010,"APLICAÇÃO DE COMANDOS,ATITUDE,CARACTERÍSTICAS DA TAREFA,COORDENAÇÃO DE CABINE,CULTURA ORGANIZACIONAL,FORMAÇÃO, CAPACITAÇÃO E TREINAMENTO,PERCEPÇÃO,PROCESSO DECISÓRIO,PROCESSOS ORGANIZACIONAIS,SISTEMAS DE APOIO,SUPERVISÃO GERENCIAL",11,8,3,0,0,0
51011,"MANUTENÇÃO DE AERONAVE,SUPERVISÃO GERENCIAL",2,0,2,0,0,0
51015,"ESQUECIMENTO DO PILOTO,JULGAMENTO DE PILOTAGEM",2,0,2,0,0,0
51021,INDISCIPLINA DE VOO,1,0,1,0,0,0
51022,"JULGAMENTO DE PILOTAGEM,PLANEJAMENTO DE VOO",2,0,2,0,0,0
51023,"INDISCIPLINA DE VOO,JULGAMENTO DE PILOTAGEM,PLANEJAMENTO DE VOO,PLANEJAMENTO GERENCIAL,SUPERVISÃO GERENCIAL",5,0,5,0,0,0
51024,ESQUECIMENTO DO PILOTO,1,0,1,0,0,0
51025,"APLICAÇÃO DE COMANDOS,COORDENAÇÃO DE CABINE,POUCA EXPERIÊNCIA DO PILOTO",3,0,3,0,0,0
51026,"COORDENAÇÃO DE CABINE,INSTRUÇÃO,JULGAMENTO DE PILOTAGEM,SUPERVISÃO GERENCIAL",4,0,4,0,0,0
51027,"ATENÇÃO,ATITUDE,EQUIPAMENTO DE APOIO (ATS),PERCEPÇÃO,PLANEJAMENTO DE VOO,PUBLICAÇÕES (ATS)",6,3,3,0,0,0
51031,"JULGAMENTO DE PILOTAGEM,PLANEJAMENTO DE VOO,SUPERVISÃO GERENCIAL",3,0,3,0,0,0
51033,INFRAESTRUTURA AEROPORTUÁRIA,1,0,1,0,0,0
51052,ESQUECIMENTO DO PILOTO,1,0,1,0,0,0
51054,MANUTENÇÃO DE AERONAVE,1,0,1,0,0,0
51055,"JULGAMENTO DE PILOTAGEM,PLANEJAMENTO DE VOO",2,0,2,0,0,0
51075,INFRAESTRUTURA AEROPORTUÁRIA,1,0,1,0,0,0
51393,"ATITUDE,CULTURA DO GRUPO DE TRABALHO,FORMAÇÃO, CAPACITAÇÃO E TREINAMENTO,JULGAMENTO DE PILOTAGEM,PERCEPÇÃO,PROCESSO DECISÓRIO,PROCESSOS ORGANIZACIONAIS,SUPERVISÃO GERENCIAL",8,6,2,0,0,0
51412,"APLICAÇÃO DE COMANDOS,INSTRUÇÃO,JULGAMENTO DE PILOTAGEM,SUPERVISÃO GERENCIAL",4,0,4,0,0,0
51413,"INDISCIPLINA DE VOO,PLANEJAMENTO DE VOO,SUPERVISÃO GERENCIAL",3,0,3,0,0,0
51416,"APLICAÇÃO DE COMANDOS,ATITUDE,CONDIÇÕES FÍSICAS DO TRABALHO,CULTURA DO GRUPO DE TRABALHO,DESORIENTAÇÃO,FADIGA,ILUSÕES VISUAIS,INDISCIPLINA DE VOO,JULGAMENTO DE PILOTAGEM,MOTIVAÇÃO,PERCEPÇÃO,PROCESSO DECISÓRIO,SISTEMAS DE APOIO",13,10,3,0,0,0
51439,"APLICAÇÃO DE COMANDOS,POUCA EXPERIÊNCIA DO PILOTO",2,0,2,0,0,0
51440,"ATITUDE,CONDIÇÕES METEOROLÓGICAS ADVERSAS,CULTURA ORGANIZACIONAL,FORMAÇÃO, CAPACITAÇÃO E TREINAMENTO,INDISCIPLINA DE VOO,INSTRUÇÃO,JULGAMENTO DE PILOTAGEM,MOTIVAÇÃO,PERCEPÇÃO,PLANEJAMENTO DE VOO,POUCA EXPERIÊNCIA DO PILOTO,PROCESSO DECISÓRIO",12,6,5,0,1,0
51441,"COORDENAÇÃO DE CABINE,ESQUECIMENTO DO PILOTO",2,0,2,0,0,0
51442,"APLICAÇÃO DE COMANDOS,COORDENAÇÃO DE CABINE,DINÂMICA DE EQUIPE,FORMAÇÃO, CAPACITAÇÃO E TREINAMENTO,JULGAMENTO DE PILOTAGEM,PERCEPÇÃO,PLANEJAMENTO GERENCIAL,PROCESSO DECISÓRIO,PROCESSOS ORGANIZACIONAIS",9,5,4,0,0,0
51443,"APLICAÇÃO DE COMANDOS,CONDIÇÕES METEOROLÓGICAS ADVERSAS,INFRAESTRUTURA AEROPORTUÁRIA,JULGAMENTO DE PILOTAGEM,PERCEPÇÃO,PLANEJAMENTO DE VOO,PROCESSO DECISÓRIO",7,2,4,0,1,0
51444,"COMUNICAÇÃO,COORDENAÇÃO DE CABINE,DINÂMICA DE EQUIPE,FORMAÇÃO, CAPACITAÇÃO E TREINAMENTO,INSTRUÇÃO,JULGAMENTO DE PILOTAGEM,PROCESSO DECISÓRIO,SUPERVISÃO GERENCIAL",8,4,4,0,0,0
51445,"APLICAÇÃO DE COMANDOS,CONDIÇÕES METEOROLÓGICAS ADVERSAS,POUCA EXPERIÊNCIA DO PILOTO",3,0,2,0,1,0
51448,"ESQUECIMENTO DO PILOTO,INSTRUÇÃO",2,0,2,0,0,0
51449,"MANUTENÇÃO DE AERONAVE,SUPERVISÃO GERENCIAL",2,0,2,0,0,0
51531,"ESQUECIMENTO DO PILOTO,JULGAMENTO DE PILOTAGEM",2,0,2,0,0,0
51533,"APLICAÇÃO DE COMANDOS,JULGAMENTO DE PILOTAGEM,POUCA EXPERIÊNCIA DO PILOTO",3,0,3,0,0,0
51534,"APLICAÇÃO DE COMANDOS,EQUIPAMENTO - CARACTERÍSTICAS ERGONÔMICAS,FORMAÇÃO, CAPACITAÇÃO E TREINAMENTO,INSTRUÇÃO,POUCA EXPERIÊNCIA DO PILOTO",5,2,3,0,0,0
51537,JULGAMENTO DE PILOTAGEM,1,0,1,0,0,0
51567,"APLICAÇÃO DE COMANDOS,JULGAMENTO DE PILOTAGEM",2,0,2,0,0,0
51568,"APLICAÇÃO DE COMANDOS,CONDIÇÕES METEOROLÓGICAS ADVERSAS,INDISCIPLINA DE VOO,JULGAMENTO DE PILOTAGEM,MOTIVAÇÃO,PROCESSO DECISÓRIO",6,2,3,0,1,0
51570,"COORDENAÇÃO DE TRÁFEGO,INFRAESTRUTURA AEROPORTUÁRIA,JULGAMENTO DE PILOTAGEM,PLANEJAMENTO DE VOO",4,0,4,0,0,0
51596,"INDISCIPLINA DE VOO,JULGAMENTO DE PILOTAGEM,PLANEJAMENTO DE VOO",3,0,3,0,0,0
51597,MANUTENÇÃO DE AERONAVE,1,0,1,0,0,0
51653,"APLICAÇÃO DE COMANDOS,JULGAMENTO DE PILOTAGEM,PLANEJAMENTO DE VOO,POUCA EXPERIÊNCIA DO PILOTO",4,0,4,0,0,0
51654,"CONDIÇÕES METEOROLÓGICAS ADVERSAS,INDISCIPLINA DE VOO,PLANEJAMENTO DE VOO",3,0,2,0,1,0
51655,"CULTURA ORGANIZACIONAL,JULGAMENTO DE PILOTAGEM,PROCESSO DECISÓRIO,SUPERVISÃO GERENCIAL",4,2,2,0,0,0
51656,"APLICAÇÃO DE COMANDOS,CONDIÇÕES METEOROLÓGICAS ADVERSAS,PLANEJAMENTO DE VOO",3,0,2,0,1,0
51671,"APLICAÇÃO DE COMANDOS,INSTRUÇÃO,JULGAMENTO DE PILOTAGEM,POUCA EXPERIÊNCIA DO PILOTO,SUPERVISÃO GERENCIAL",5,0,5,0,0,0
51674,"ESQUECIMENTO DO PILOTO,JULGAMENTO DE PILOTAGEM,MOTIVAÇÃO,PROCESSO DECISÓRIO,PUBLICAÇÕES (ATS)",5,2,3,0,0,0
51676,MANUTENÇÃO DE AERONAVE,1,0,1,0,0,0
51751,"ATITUDE,INDISCIPLINA DE VOO,PLANEJAMENTO DE VOO,PROCESSO DECISÓRIO",4,2,2,0,0,0
51752,"APLICAÇÃO DE COMANDOS,INDISCIPLINA DE VOO,JULGAMENTO DE PILOTAGEM",3,0,3,0,0,0
51753,"JULGAMENTO DE PILOTAGEM,PLANEJAMENTO DE VOO",2,0,2,0,0,0
51755,"APLICAÇÃO DE COMANDOS,CONDIÇÕES METEOROLÓGICAS ADVERSAS,JULGAMENTO DE PILOTAGEM",3,0,2,0,1,0
52231,ESQUECIMENTO DO PILOTO,1,0,1,0,0,0
52240,"JULGAMENTO DE PILOTAGEM,PLANEJAMENTO DE VOO",2,0,2,0,0,0
52263,ESQUECIMENTO DO PILOTO,1,0,1,0,0,0
52264,"ATENÇÃO,MEMÓRIA,PERCEPÇÃO",3,3,0,0,0,0
52265,"APLICAÇÃO DE COMANDOS,ATITUDE,CARACTERÍSTICAS DA TAREFA,CONDIÇÕES METEOROLÓGICAS ADVERSAS,DESORIENTAÇÃO,DINÂMICA DE EQUIPE,FADIGA,FORMAÇÃO, CAPACITAÇÃO E TREINAMENTO,FRASEOLOGIA DO ÓRGÃO ATS,INDISCIPLINA DE VOO,MEMÓRIA,PERCEPÇÃO,PLANEJAMENTO DE VOO,PROCESSOS ORGANIZACIONAIS,SISTEMAS DE APOIO,SOBRECARGA DE TAREFAS",16,11,4,0,1,0
52271,"APLICAÇÃO DE COMANDOS,JULGAMENTO DE PILOTAGEM,PROCESSO DECISÓRIO",3,1,2,0,0,0
52273,"MANUTENÇÃO DE AERONAVE,SUPERVISÃO GERENCIAL",2,0,2,0,0,0
52274,"JULGAMENTO DE PILOTAGEM,MANUTENÇÃO DE AERONAVE,PROCESSOS ORGANIZACIONAIS",3,1,2,0,0,0
52275,"APLICAÇÃO DE COMANDOS,JULGAMENTO DE PILOTAGEM,PLANEJAMENTO DE VOO",3,0,3,0,0,0
52277,"ATITUDE,INFLUÊNCIAS EXTERNAS,PLANEJAMENTO DE VOO,PROCESSO DECISÓRIO",4,3,1,0,0,0
52279,"APLICAÇÃO DE COMANDOS,INFRAESTRUTURA AEROPORTUÁRIA,JULGAMENTO DE PILOTAGEM,PLANEJAMENTO DE VOO,POUCA EXPERIÊNCIA DO PILOTO,PROCESSO DECISÓRIO,SISTEMAS DE APOIO",7,2,5,0,0,0
52286,"APLICAÇÃO DE COMANDOS,JULGAMENTO DE PILOTAGEM,POUCA EXPERIÊNCIA DO PILOTO",3,0,3,0,0,0
52287,MANUTENÇÃO DE AERONAVE,1,0,1,0,0,0
52289,"ATENÇÃO,ESQUECIMENTO DO PILOTO,MEMÓRIA,PERCEPÇÃO,POUCA EXPERIÊNCIA DO PILOTO",5,3,2,0,0,0
52291,"INFLUÊNCIA DO MEIO AMBIENTE,INFRAESTRUTURA AEROPORTUÁRIA,JULGAMENTO DE PILOTAGEM",3,1,2,0,0,0
52292,"MANUTENÇÃO DE AERONAVE,SUPERVISÃO GERENCIAL",2,0,2,0,0,0
52293,"APLICAÇÃO DE COMANDOS,JULGAMENTO DE PILOTAGEM,PLANEJAMENTO DE VOO",3,0,3,0,0,0
52295,"MANUTENÇÃO DE AERONAVE,SUPERVISÃO GERENCIAL",2,0,2,0,0,0
52340,"APLICAÇÃO DE COMANDOS,ILUSÕES VISUAIS,INDISCIPLINA DE VOO,JULGAMENTO DE PILOTAGEM,PERCEPÇÃO,PROCESSO DECISÓRIO",6,3,3,0,0,0
52471,"APLICAÇÃO DE COMANDOS,JULGAMENTO DE PILOTAGEM,PLANEJAMENTO DE VOO",3,0,3,0,0,0
52538,"INFRAESTRUTURA AEROPORTUÁRIA,JULGAMENTO DE PILOTAGEM,PLANEJAMENTO DE VOO,SUPERVISÃO GERENCIAL",4,0,4,0,0,0
52551,"MANUTENÇÃO DE AERONAVE,SUPERVISÃO GERENCIAL",2,0,2,0,0,0
52552,"APLICAÇÃO DE COMANDOS,FRASEOLOGIA DO ÓRGÃO ATS,JULGAMENTO DE PILOTAGEM,PERCEPÇÃO,PROCESSO DECISÓRIO",5,2,3,0,0,0
52553,APLICAÇÃO DE COMANDOS,1,0,1,0,0,0
52596,"APLICAÇÃO DE COMANDOS,ATENÇÃO,JULGAMENTO DE PILOTAGEM",3,1,2,0,0,0
52633,ESQUECIMENTO DO PILOTO,1,0,1,0,0,0
52634,JULGAMENTO DE PILOTAGEM,1,0,1,0,0,0
52635,"CULTURA ORGANIZACIONAL,MANUTENÇÃO DE AERONAVE,ORGANIZAÇÃO DO TRABALHO",3,2,1,0,0,0
52638,"APLICAÇÃO DE COMANDOS,JULGAMENTO DE PILOTAGEM,MANUTENÇÃO DE AERONAVE,POUCA EXPERIÊNCIA DO PILOTO",4,0,4,0,0,0
52640,MANUTENÇÃO DE AERONAVE,1,0,1,0,0,0
52651,"JULGAMENTO DE PILOTAGEM,PLANEJAMENTO DE VOO,PLANEJAMENTO GERENCIAL",3,0,3,0,0,0
52652,MANUTENÇÃO DE AERONAVE,1,0,1,0,0,0
52653,APLICAÇÃO DE COMANDOS,1,0,1,0,0,0
52654,"ESQUECIMENTO DO PILOTO,SUPERVISÃO GERENCIAL",2,0,2,0,0,0
52671,"APLICAÇÃO DE COMANDOS,CULTURA ORGANIZACIONAL,JULGAMENTO DE PILOTAGEM,MOTIVAÇÃO,PLANEJAMENTO DE VOO,POUCA EXPERIÊNCIA DO PILOTO,PROCESSO DECISÓRIO,SISTEMAS DE APOIO,SUPERVISÃO GERENCIAL",9,4,5,0,0,0
52676,"PLANEJAMENTO GERENCIAL,SUPERVISÃO GERENCIAL",2,0,2,0,0,0
52692,"APLICAÇÃO DE COMANDOS,INSTRUÇÃO,POUCA EXPERIÊNCIA DO PILOTO,SUPERVISÃO GERENCIAL",4,0,4,0,0,0
52693,INDISCIPLINA DE VOO,1,0,1,0,0,0
52694,"APLICAÇÃO DE COMANDOS,POUCA EXPERIÊNCIA DO PILOTO",2,0,2,0,0,0
52696,APLICAÇÃO DE COMANDOS,1,0,1,0,0,0
52699,"CULTURA DO GRUPO DE TRABALHO,ORGANIZAÇÃO DO TRABALHO,PESSOAL DE APOIO,PLANEJAMENTO GERENCIAL,PROCESSO DECISÓRIO,SISTEMAS DE APOIO",6,4,2,0,0,0
52814,"APLICAÇÃO DE COMANDOS,INSTRUÇÃO,JULGAMENTO DE PILOTAGEM",3,0,3,0,0,0
52815,"APLICAÇÃO DE COMANDOS,ATITUDE,CONDIÇÕES METEOROLÓGICAS ADVERSAS,CULTURA ORGANIZACIONAL,DESORIENTAÇÃO,MOTIVAÇÃO,ORGANIZAÇÃO DO TRABALHO,PLANEJAMENTO DE VOO,POUCA EXPERIÊNCIA DO PILOTO,PROCESSO DECISÓRIO,RELAÇÕES INTERPESSOAIS",11,7,3,0,1,0
52816,"PLANEJAMENTO GERENCIAL,PROCESSOS ORGANIZACIONAIS",2,1,1,0,0,0
52817,JULGAMENTO DE PILOTAGEM,1,0,1,0,0,0
52818,"APLICAÇÃO DE COMANDOS,INDISCIPLINA DE VOO,JULGAMENTO DE PILOTAGEM,PLANEJAMENTO DE VOO,POUCA EXPERIÊNCIA DO PILOTO,SUPERVISÃO GERENCIAL",6,0,6,0,0,0
52819,"APLICAÇÃO DE COMANDOS,ATITUDE,CONDIÇÕES METEOROLÓGICAS ADVERSAS,DESORIENTAÇÃO,JULGAMENTO DE PILOTAGEM,MANUTENÇÃO DE AERONAVE,OUTRO FATOR,PERCEPÇÃO,PROCESSO DECISÓRIO",9,4,3,0,1,1
52836,"APLICAÇÃO DE COMANDOS,INDISCIPLINA DE VOO,JULGAMENTO DE PILOTAGEM,SUPERVISÃO GERENCIAL",4,0,4,0,0,0
52837,"APLICAÇÃO DE COMANDOS,JULGAMENTO DE PILOTAGEM,SUPERVISÃO GERENCIAL",3,0,3,0,0,0
52838,"APLICAÇÃO DE COMANDOS,JULGAMENTO DE PILOTAGEM",2,0,2,0,0,0
52839,"APLICAÇÃO DE COMANDOS,JULGAMENTO DE PILOTAGEM,PLANEJAMENTO DE VOO",3,0,3,0,0,0
52872,"INFRAESTRUTURA AEROPORTUÁRIA,JULGAMENTO DE PILOTAGEM,POUCA EXPERIÊNCIA DO PILOTO",3,0,3,0,0,0
52873,POUCA EXPERIÊNCIA DO PILOTO,1,0,1,0,0,0
52874,"APLICAÇÃO DE COMANDOS,ATITUDE,JULGAMENTO DE PILOTAGEM,PERCEPÇÃO,PROCESSO DECISÓRIO",5,3,2,0,0,0
52935,"APLICAÇÃO DE COMANDOS,INDISCIPLINA DE VOO,JULGAMENTO DE PILOTAGEM,PLANEJAMENTO DE VOO,SUPERVISÃO GERENCIAL",5,0,5,0,0,0
52937,"JULGAMENTO DE PILOTAGEM,PLANEJAMENTO DE VOO",2,0,2,0,0,0
52938,"APLICAÇÃO DE COMANDOS,CONDIÇÕES METEOROLÓGICAS ADVERSAS,JULGAMENTO DE PILOTAGEM,POUCA EXPERIÊNCIA DO PILOTO",4,0,3,0,1,0
52939,"APLICAÇÃO DE COMANDOS,JULGAMENTO DE PILOTAGEM",2,0,2,0,0,0
52940,PLANEJAMENTO DE VOO,1,0,1,0,0,0
52942,ESQUECIMENTO DO PILOTO,1,0,1,0,0,0
52945,MANUTENÇÃO DE AERONAVE,1,0,1,0,0,0
52946,"ATITUDE,INFLUÊNCIA DO MEIO AMBIENTE,PLANEJAMENTO DE VOO,RELAÇÕES INTERPESSOAIS",4,3,1,0,0,0
52947,"JULGAMENTO DE PILOTAGEM,PLANEJAMENTO DE VOO,POUCA EXPERIÊNCIA DO PILOTO",3,0,3,0,0,0
52972,"ATITUDE,CULTURA DO GRUPO DE TRABALHO,MOTIVAÇÃO,POUCA EXPERIÊNCIA DO PILOTO,PROCESSOS ORGANIZACIONAIS",5,4,1,0,0,0
52973,"APLICAÇÃO DE COMANDOS,JULGAMENTO DE PILOTAGEM,PLANEJAMENTO DE VOO",3,0,3,0,0,0
52976,"APLICAÇÃO DE COMANDOS,ESQUECIMENTO DO PILOTO,FABRICAÇÃO,INSTRUÇÃO,POUCA EXPERIÊNCIA DO PILOTO,SISTEMAS DE APOIO",6,1,4,1,0,0
52977,JULGAMENTO DE PILOTAGEM,1,0,1,0,0,0
52978,"INFLUÊNCIA DO MEIO AMBIENTE,JULGAMENTO DE PILOTAGEM,PLANEJAMENTO DE VOO,SUPERVISÃO GERENCIAL",4,1,3,0,0,0
52980,"COLISÃO COM AVE,INDISCIPLINA DE VOO,INFLUÊNCIA DO MEIO AMBIENTE",3,1,2,0,0,0
52983,"INDISCIPLINA DE VOO,JULGAMENTO DE PILOTAGEM",2,0,2,0,0,0
52984,"APLICAÇÃO DE COMANDOS,INDISCIPLINA DE VOO,JULGAMENTO DE PILOTAGEM",3,0,3,0,0,0
52988,"APLICAÇÃO DE COMANDOS,INSTRUÇÃO,JULGAMENTO DE PILOTAGEM,POUCA EXPERIÊNCIA DO PILOTO,SUPERVISÃO GERENCIAL",5,0,5,0,0,0
53103,"APLICAÇÃO DE COMANDOS,COMUNICAÇÃO,JULGAMENTO DE PILOTAGEM,PERCEPÇÃO,POUCA EXPERIÊNCIA DO PILOTO,PROCESSO DECISÓRIO,PROCESSOS ORGANIZACIONAIS,SUPERVISÃO GERENCIAL",8,4,4,0,0,0
53104,"COORDENAÇÃO DE TRÁFEGO,INFRAESTRUTURA AEROPORTUÁRIA,SISTEMAS DE APOIO,SUBSTITUIÇÃO NA POSIÇÃO (ATS),SUPERVISÃO (ATS),SUPERVISÃO GERENCIAL",6,1,5,0,0,0
53106,"MANUTENÇÃO DE AERONAVE,PLANEJAMENTO GERENCIAL,SUPERVISÃO GERENCIAL",3,0,3,0,0,0
53108,"APLICAÇÃO DE COMANDOS,POUCA EXPERIÊNCIA DO PILOTO",2,0,2,0,0,0
53113,PLANEJAMENTO DE VOO,1,0,1,0,0,0
53114,ESQUECIMENTO DO PILOTO,1,0,1,0,0,0
53115,"JULGAMENTO DE PILOTAGEM,PLANEJAMENTO DE VOO,PROCESSO DECISÓRIO",3,1,2,0,0,0
53117,INFRAESTRUTURA AEROPORTUÁRIA,1,0,1,0,0,0
53118,"INDISCIPLINA DE VOO,PLANEJAMENTO DE VOO",2,0,2,0,0,0
53148,"APLICAÇÃO DE COMANDOS,COORDENAÇÃO DE CABINE,JULGAMENTO DE PILOTAGEM,POUCA EXPERIÊNCIA DO PILOTO",4,0,4,0,0,0
53149,"ATITUDE,CONDIÇÕES METEOROLÓGICAS ADVERSAS,INDISCIPLINA DE VOO,JULGAMENTO DE PILOTAGEM,PERCEPÇÃO",5,2,2,0,1,0
53151,"APLICAÇÃO DE COMANDOS,MANUTENÇÃO DE AERONAVE,SISTEMAS DE APOIO",3,1,2,0,0,0
53152,"APLICAÇÃO DE COMANDOS,OUTRO FATOR",2,0,1,0,0,1
53165,"JULGAMENTO DE PILOTAGEM,PLANEJAMENTO DE VOO",2,0,2,0,0,0
53166,"JULGAMENTO DE PILOTAGEM,PLANEJAMENTO GERENCIAL",2,0,2,0,0,0
53182,"APLICAÇÃO DE COMANDOS,ATITUDE,INDISCIPLINA DE VOO,JULGAMENTO DE PILOTAGEM,PERCEPÇÃO,POUCA EXPERIÊNCIA DO PILOTO,PROCESSO DECISÓRIO,VESTIMENTA INADEQUADA",8,4,4,0,0,0
53194,JULGAMENTO DE PILOTAGEM,1,0,1,0,0,0
53195,"ATENÇÃO,CULTURA ORGANIZACIONAL,INDISCIPLINA DE VOO,MANUTENÇÃO DE AERONAVE,ORGANIZAÇÃO DO TRABALHO,PROCESSOS ORGANIZACIONAIS,SUPERVISÃO GERENCIAL",7,4,3,0,0,0
53196,MANUTENÇÃO DE AERONAVE,1,0,1,0,0,0
53198,"INSTRUÇÃO,JULGAMENTO DE PILOTAGEM,POUCA EXPERIÊNCIA DO PILOTO,SUPERVISÃO GERENCIAL",4,0,4,0,0,0
53203,JULGAMENTO DE PILOTAGEM,1,0,1,0,0,0
53204,"ILUSÕES VISUAIS,INFRAESTRUTURA AEROPORTUÁRIA,POUCA EXPERIÊNCIA DO PILOTO",3,1,2,0,0,0
53223,"JULGAMENTO DE PILOTAGEM,PLANEJAMENTO DE VOO",2,0,2,0,0,0
53224,APLICAÇÃO DE COMANDOS,1,0,1,0,0,0
53225,"CONDIÇÕES METEOROLÓGICAS ADVERSAS,JULGAMENTO DE PILOTAGEM,PLANEJAMENTO DE VOO,SUPERVISÃO GERENCIAL",4,0,3,0,1,0
53233,"APLICAÇÃO DE COMANDOS,JULGAMENTO DE PILOTAGEM",2,0,2,0,0,0
53254,"APLICAÇÃO DE COMANDOS,PLANEJAMENTO DE VOO,POUCA EXPERIÊNCIA DO PILOTO,SUPERVISÃO GERENCIAL",4,0,4,0,0,0
53256,"INDISCIPLINA DE VOO,PLANEJAMENTO DE VOO",2,0,2,0,0,0
53257,"APLICAÇÃO DE COMANDOS,JULGAMENTO DE PILOTAGEM",2,0,2,0,0,0
53262,"COORDENAÇÃO DE CABINE,INFLUÊNCIA DO MEIO AMBIENTE,JULGAMENTO DE PILOTAGEM,PLANEJAMENTO DE VOO,PLANEJAMENTO GERENCIAL,SISTEMAS DE APOIO,SUPERVISÃO GERENCIAL",7,2,5,0,0,0
53264,"PROCESSOS ORGANIZACIONAIS,SUPERVISÃO GERENCIAL",2,1,1,0,0,0
53265,"APLICAÇÃO DE COMANDOS,INFRAESTRUTURA AEROPORTUÁRIA,JULGAMENTO DE PILOTAGEM,PROCESSO DECISÓRIO",4,1,3,0,0,0
53266,"APLICAÇÃO DE COMANDOS,ATITUDE,COORDENAÇÃO DE CABINE,CULTURA ORGANIZACIONAL,FORMAÇÃO, CAPACITAÇÃO E TREINAMENTO,MANUTENÇÃO DE AERONAVE,SUPERVISÃO GERENCIAL",7,3,4,0,0,0
53268,"ESQUECIMENTO DO PILOTO,INFRAESTRUTURA AEROPORTUÁRIA",2,0,2,0,0,0
53269,"ATENÇÃO,PLANEJAMENTO DE VOO",2,1,1,0,0,0
53270,"MANUTENÇÃO DE AERONAVE,SUPERVISÃO GERENCIAL",2,0,2,0,0,0
53306,"ATITUDE,CONDIÇÕES METEOROLÓGICAS ADVERSAS,INDISCIPLINA DE VOO,PERCEPÇÃO,PLANEJAMENTO DE VOO,PROCESSO DECISÓRIO,PROCESSOS ORGANIZACIONAIS,SUPERVISÃO GERENCIAL",8,4,3,0,1,0
53308,"APLICAÇÃO DE COMANDOS,JULGAMENTO DE PILOTAGEM,PROCESSO DECISÓRIO",3,1,2,0,0,0
53324,PLANEJAMENTO DE VOO,1,0,1,0,0,0
53325,"APLICAÇÃO DE COMANDOS,ATITUDE,COMUNICAÇÃO,COORDENAÇÃO DE CABINE,CULTURA ORGANIZACIONAL,INSTRUÇÃO,JULGAMENTO DE PILOTAGEM,PERCEPÇÃO,PLANEJAMENTO DE VOO,PLANEJAMENTO GERENCIAL,POUCA EXPERIÊNCIA DO PILOTO,PROCESSO DECISÓRIO,SUPERVISÃO GERENCIAL",13,5,8,0,0,0
53326,MANUTENÇÃO DE AERONAVE,1,0,1,0,0,0
53332,"JULGAMENTO DE PILOTAGEM,MANUTENÇÃO DE AERONAVE,SUPERVISÃO GERENCIAL",3,0,3,0,0,0
53333,"ATITUDE,MANUTENÇÃO DE AERONAVE,PROCESSOS ORGANIZACIONAIS,SUPERVISÃO GERENCIAL",4,2,2,0,0,0
53340,"ATENÇÃO,ATITUDE,CLIMA ORGANIZACIONAL,COMUNICAÇÃO,COORDENAÇÃO DE CABINE,CULTURA DO GRUPO DE TRABALHO,FORMAÇÃO, CAPACITAÇÃO E TREINAMENTO,INSTRUÇÃO,LIDERANÇA,ORGANIZAÇÃO DO TRABALHO,PERCEPÇÃO,PLANEJAMENTO DE VOO,PLANEJAMENTO GERENCIAL,PROCESSO DECISÓRIO,PROCESSOS ORGANIZACIONAIS,SISTEMAS DE APOIO,SUPERVISÃO GERENCIAL",17,12,5,0,0,0
53353,MANUTENÇÃO DE AERONAVE,1,0,1,0,0,0
53355,"INFLUÊNCIA DO MEIO AMBIENTE,JULGAMENTO DE PILOTAGEM,PESSOAL DE APOIO,PROCESSO DECISÓRIO",4,2,2,0,0,0
53356,"APLICAÇÃO DE COMANDOS,INSTRUÇÃO,JULGAMENTO DE PILOTAGEM",3,0,3,0,0,0
53358,"ATENÇÃO,ATITUDE,CARACTERÍSTICAS DA TAREFA,COMUNICAÇÃO,COORDENAÇÃO DE CABINE,DINÂMICA DE EQUIPE,FORMAÇÃO, CAPACITAÇÃO E TREINAMENTO,JULGAMENTO DE PILOTAGEM,MOTIVAÇÃO,ORGANIZAÇÃO DO TRABALHO,PERCEPÇÃO,PROCESSO DECISÓRIO,PROCESSOS ORGANIZACIONAIS,RELAÇÕES INTERPESSOAIS,SISTEMAS DE APOIO",15,13,2,0,0,0
53360,"ATITUDE,JULGAMENTO DE PILOTAGEM,MANUTENÇÃO DE AERONAVE,POUCA EXPERIÊNCIA DO PILOTO,PROCESSO DECISÓRIO,PROCESSOS ORGANIZACIONAIS,SISTEMAS DE APOIO,SUPERVISÃO GERENCIAL",8,4,4,0,0,0
53361,APLICAÇÃO DE COMANDOS,1,0,1,0,0,0
53372,"INFLUÊNCIA DO MEIO AMBIENTE,PLANEJAMENTO DE VOO",2,1,1,0,0,0
53373,PLANEJAMENTO DE VOO,1,0,1,0,0,0
53374,"APLICAÇÃO DE COMANDOS,JULGAMENTO DE PILOTAGEM,MANUTENÇÃO DE AERONAVE",3,0,3,0,0,0
53375,"APLICAÇÃO DE COMANDOS,JULGAMENTO DE PILOTAGEM,PROCESSO DECISÓRIO",3,1,2,0,0,0
53376,"DESORIENTAÇÃO,ILUSÕES VISUAIS,MANUTENÇÃO DE AERONAVE",3,2,1,0,0,0
53377,"APLICAÇÃO DE COMANDOS,INSTRUÇÃO,JULGAMENTO DE PILOTAGEM,PLANEJAMENTO GERENCIAL,POUCA EXPERIÊNCIA DO PILOTO,SUPERVISÃO GERENCIAL",6,0,6,0,0,0
53423,"APLICAÇÃO DE COMANDOS,JULGAMENTO DE PILOTAGEM,POUCA EXPERIÊNCIA DO PILOTO",3,0,3,0,0,0
53427,MANUSEIO DO MATERIAL,1,0,0,1,0,0
53428,"APLICAÇÃO DE COMANDOS,JULGAMENTO DE PILOTAGEM,POUCA EXPERIÊNCIA DO PILOTO,PROCESSO DECISÓRIO",4,1,3,0,0,0
53433,"APLICAÇÃO DE COMANDOS,CONDIÇÕES METEOROLÓGICAS ADVERSAS,JULGAMENTO DE PILOTAGEM",3,0,2,0,1,0
53434,"APLICAÇÃO DE COMANDOS,POUCA EXPERIÊNCIA DO PILOTO",2,0,2,0,0,0
53435,"ATENÇÃO,PERCEPÇÃO,PLANEJAMENTO DE VOO",3,2,1,0,0,0
53436,JULGAMENTO DE PILOTAGEM,1,0,1,0,0,0
53438,"FORMAÇÃO, CAPACITAÇÃO E TREINAMENTO,INSTRUÇÃO,JULGAMENTO DE PILOTAGEM,PERCEPÇÃO,PROCESSO DECISÓRIO",5,3,2,0,0,0
53462,"APLICAÇÃO DE COMANDOS,JULGAMENTO DE PILOTAGEM,PLANEJAMENTO DE VOO,POUCA EXPERIÊNCIA DO PILOTO",4,0,4,0,0,0
53463,"MANUTENÇÃO DE AERONAVE,PLANEJAMENTO DE VOO",2,0,2,0,0,0
53466,"ATITUDE,JULGAMENTO DE PILOTAGEM,MANUTENÇÃO DE AERONAVE,POUCA EXPERIÊNCIA DO PILOTO,SUPERVISÃO GERENCIAL",5,1,4,0,0,0
53469,"MANUTENÇÃO DE AERONAVE,OUTRO FATOR,PROCESSOS ORGANIZACIONAIS,SUPERVISÃO GERENCIAL",4,1,2,0,0,1
53471,"APLICAÇÃO DE COMANDOS,JULGAMENTO DE PILOTAGEM,PERCEPÇÃO,POUCA EXPERIÊNCIA DO PILOTO",4,1,3,0,0,0
53485,"ATITUDE,JULGAMENTO DE PILOTAGEM",2,1,1,0,0,0
53487,"JULGAMENTO DE PILOTAGEM,PLANEJAMENTO DE VOO",2,0,2,0,0,0
53488,"APLICAÇÃO DE COMANDOS,ATENÇÃO,COMUNICAÇÃO,CULTURA DO GRUPO DE TRABALHO,CULTURA ORGANIZACIONAL,ESTADO EMOCIONAL,JULGAMENTO DE PILOTAGEM,MEMÓRIA,PERCEPÇÃO,PLANEJAMENTO DE VOO,POUCA EXPERIÊNCIA DO PILOTO,PROCESSO DECISÓRIO,PROCESSOS ORGANIZACIONAIS,SISTEMAS DE APOIO,SUPERVISÃO GERENCIAL",15,10,5,0,0,0
53494,"APLICAÇÃO DE COMANDOS,INFRAESTRUTURA AEROPORTUÁRIA,JULGAMENTO DE PILOTAGEM,POUCA EXPERIÊNCIA DO PILOTO",4,0,4,0,0,0
53495,"APLICAÇÃO DE COMANDOS,POUCA EXPERIÊNCIA DO PILOTO,PROCESSO DECISÓRIO",3,1,2,0,0,0
53496,"ATITUDE,ESQUECIMENTO DO PILOTO",2,1,1,0,0,0
53498,"JULGAMENTO DE PILOTAGEM,PLANEJAMENTO DE VOO,PROCESSO DECISÓRIO",3,1,2,0,0,0
53501,"INDISCIPLINA DE VOO,JULGAMENTO DE PILOTAGEM",2,0,2,0,0,0
53543,MANUTENÇÃO DE AERONAVE,1,0,1,0,0,0
53545,INFRAESTRUTURA AEROPORTUÁRIA,1,0,1,0,0,0
53546,"APLICAÇÃO DE COMANDOS,ATITUDE,COORDENAÇÃO DE CABINE,FORMAÇÃO, CAPACITAÇÃO E TREINAMENTO,INSTRUÇÃO,JULGAMENTO DE PILOTAGEM,ORGANIZAÇÃO DO TRABALHO,PERCEPÇÃO,POUCA EXPERIÊNCIA DO PILOTO,PROCESSO DECISÓRIO,PROCESSOS ORGANIZACIONAIS,SUPERVISÃO GERENCIAL",12,6,6,0,0,0
53551,"APLICAÇÃO DE COMANDOS,COORDENAÇÃO DE CABINE,INSTRUÇÃO,PROCESSOS ORGANIZACIONAIS",4,1,3,0,0,0
53552,"APLICAÇÃO DE COMANDOS,MANUTENÇÃO DE AERONAVE",2,0,2,0,0,0
53559,"APLICAÇÃO DE COMANDOS,ATITUDE,COORDENAÇÃO DE CABINE,CULTURA ORGANIZACIONAL,FORMAÇÃO, CAPACITAÇÃO E TREINAMENTO,JULGAMENTO DE PILOTAGEM,MANUTENÇÃO DE AERONAVE,PROCESSO DECISÓRIO,RELAÇÕES INTERPESSOAIS,SISTEMAS DE APOIO,SUPERVISÃO GERENCIAL",11,6,5,0,0,0
53561,"APLICAÇÃO DE COMANDOS,ATENÇÃO,JULGAMENTO DE PILOTAGEM,MOTIVAÇÃO,PERCEPÇÃO",5,3,2,0,0,0
53562,"CULTURA ORGANIZACIONAL,JULGAMENTO DE PILOTAGEM,PLANEJAMENTO DE VOO,SUPERVISÃO GERENCIAL",4,1,3,0,0,0
53563,"ATITUDE,INDISCIPLINA DE VOO,JULGAMENTO DE PILOTAGEM",3,1,2,0,0,0
53564,"APLICAÇÃO DE COMANDOS,ATITUDE,CULTURA ORGANIZACIONAL,DESORIENTAÇÃO,ESTADO EMOCIONAL,FORMAÇÃO, CAPACITAÇÃO E TREINAMENTO,INSTRUÇÃO,MOTIVAÇÃO,OUTRO FATOR,POUCA EXPERIÊNCIA DO PILOTO,PROCESSOS ORGANIZACIONAIS,SUPERVISÃO GERENCIAL",12,7,4,0,0,1
53565,"APLICAÇÃO DE COMANDOS,FABRICAÇÃO,MANUTENÇÃO DE AERONAVE,OUTRO FATOR,SUPERVISÃO GERENCIAL",5,0,3,1,0,1
53568,"APLICAÇÃO DE COMANDOS,JULGAMENTO DE PILOTAGEM,PERCEPÇÃO",3,1,2,0,0,0
53571,"APLICAÇÃO DE COMANDOS,ATITUDE,INFRAESTRUTURA AEROPORTUÁRIA,JULGAMENTO DE PILOTAGEM,PERCEPÇÃO,PLANEJAMENTO DE VOO,PROCESSO DECISÓRIO,PROCESSOS ORGANIZACIONAIS,SUPERVISÃO GERENCIAL",9,4,5,0,0,0
53572,"APLICAÇÃO DE COMANDOS,ATITUDE,JULGAMENTO DE PILOTAGEM,PLANEJAMENTO DE VOO",4,1,3,0,0,0
53574,"ATITUDE,INDISCIPLINA DE VOO,JULGAMENTO DE PILOTAGEM,PLANEJAMENTO DE VOO,PROCESSO DECISÓRIO",5,2,3,0,0,0
53576,"APLICAÇÃO DE COMANDOS,FADIGA,INFLUÊNCIA DO MEIO AMBIENTE,MANUTENÇÃO DE AERONAVE,PROCESSOS ORGANIZACIONAIS,SUPERVISÃO GERENCIAL,USO ILÍCITO DE DROGAS",7,4,3,0,0,0
53625,"ATITUDE,CONDIÇÕES METEOROLÓGICAS ADVERSAS,FORMAÇÃO, CAPACITAÇÃO E TREINAMENTO,INSTRUÇÃO,MOTIVAÇÃO,PERCEPÇÃO,POUCA EXPERIÊNCIA DO PILOTO,PROCESSO DECISÓRIO,RELAÇÕES INTERPESSOAIS",9,6,2,0,1,0
53626,"APLICAÇÃO DE COMANDOS,JULGAMENTO DE PILOTAGEM,POUCA EXPERIÊNCIA DO PILOTO",3,0,3,0,0,0
53628,MANUTENÇÃO DE AERONAVE,1,0,1,0,0,0
60609,"APLICAÇÃO DE COMANDOS,CONDIÇÕES METEOROLÓGICAS ADVERSAS,JULGAMENTO DE PILOTAGEM,PROCESSO DECISÓRIO",4,1,2,0,1,0
60612,"APLICAÇÃO DE COMANDOS,CONDIÇÕES METEOROLÓGICAS ADVERSAS,JULGAMENTO DE PILOTAGEM,POUCA EXPERIÊNCIA DO PILOTO",4,0,3,0,1,0
60613,"CONDIÇÕES METEOROLÓGICAS ADVERSAS,JULGAMENTO DE PILOTAGEM,PERCEPÇÃO,PLANEJAMENTO DE VOO,PROCESSO DECISÓRIO",5,2,2,0,1,0
60616,APLICAÇÃO DE COMANDOS,1,0,1,0,0,0
60620,"APLICAÇÃO DE COMANDOS,COORDENAÇÃO DE CABINE,INFRAESTRUTURA AEROPORTUÁRIA,INSTRUÇÃO,JULGAMENTO DE PILOTAGEM",5,0,5,0,0,0
60625,"APLICAÇÃO DE COMANDOS,ORGANIZAÇÃO DO TRABALHO,POUCA EXPERIÊNCIA DO PILOTO,PROCESSOS ORGANIZACIONAIS,SUPERVISÃO GERENCIAL",5,2,3,0,0,0
60629,"ATITUDE,JULGAMENTO DE PILOTAGEM,PERCEPÇÃO,PROCESSO DECISÓRIO",4,3,1,0,0,0
60631,"ATITUDE,PLANEJAMENTO DE VOO,PROCESSO DECISÓRIO,PROCESSOS ORGANIZACIONAIS,SUPERVISÃO GERENCIAL",5,3,2,0,0,0
60660,"APLICAÇÃO DE COMANDOS,JULGAMENTO DE PILOTAGEM,SUPERVISÃO GERENCIAL",3,0,3,0,0,0
60661,"APLICAÇÃO DE COMANDOS,COMUNICAÇÃO,CULTURA DO GRUPO DE TRABALHO,INSTRUÇÃO,JULGAMENTO DE PILOTAGEM,ORGANIZAÇÃO DO TRABALHO,PLANEJAMENTO DE VOO,POUCA EXPERIÊNCIA DO PILOTO,PROCESSO DECISÓRIO,PROCESSOS ORGANIZACIONAIS,SISTEMAS DE APOIO",11,6,5,0,0,0
60669,"APLICAÇÃO DE COMANDOS,JULGAMENTO DE PILOTAGEM,PLANEJAMENTO DE VOO,SUPERVISÃO GERENCIAL",4,0,4,0,0,0
60677,"INFRAESTRUTURA AEROPORTUÁRIA,MANUTENÇÃO DE AERONAVE",2,0,2,0,0,0
60732,APLICAÇÃO DE COMANDOS,1,0,1,0,0,0
60752,"JULGAMENTO DE PILOTAGEM,OUTRO FATOR,PLANEJAMENTO DE VOO,PROCESSO DECISÓRIO,SISTEMAS DE APOIO",5,2,2,0,0,1
60783,"COORDENAÇÃO DE CABINE,CULTURA ORGANIZACIONAL,JULGAMENTO DE PILOTAGEM,PLANEJAMENTO DE VOO,PLANEJAMENTO GERENCIAL,PROCESSO DECISÓRIO,PROCESSOS ORGANIZACIONAIS,SUPERVISÃO GERENCIAL",8,3,5,0,0,0
60785,"APLICAÇÃO DE COMANDOS,JULGAMENTO DE PILOTAGEM,MANUSEIO DO MATERIAL",3,0,2,1,0,0
60892,"APLICAÇÃO DE COMANDOS,INDISCIPLINA DE VOO,INFLUÊNCIA DO MEIO AMBIENTE,JULGAMENTO DE PILOTAGEM,PROCESSO DECISÓRIO",5,2,3,0,0,0
60897,"APLICAÇÃO DE COMANDOS,COORDENAÇÃO DE CABINE,FORMAÇÃO, CAPACITAÇÃO E TREINAMENTO,JULGAMENTO DE PILOTAGEM,OUTRO FATOR,PLANEJAMENTO GERENCIAL,PROCESSOS ORGANIZACIONAIS,SISTEMAS DE APOIO,SUPERVISÃO GERENCIAL",9,3,5,0,0,1
60924,"APLICAÇÃO DE COMANDOS,INDISCIPLINA DE VOO,JULGAMENTO DE PILOTAGEM,PERCEPÇÃO,PLANEJAMENTO DE VOO",5,1,4,0,0,0
60975,"ATITUDE,JULGAMENTO DE PILOTAGEM,PLANEJAMENTO DE VOO,PLANEJAMENTO GERENCIAL,PROCESSO DECISÓRIO,PROCESSOS ORGANIZACIONAIS,SISTEMAS DE APOIO,SUPERVISÃO GERENCIAL",8,4,4,0,0,0
60980,"APLICAÇÃO DE COMANDOS,MANUTENÇÃO DE AERONAVE",2,0,2,0,0,0
61003,"APLICAÇÃO DE COMANDOS,JULGAMENTO DE PILOTAGEM,PLANEJAMENTO DE VOO",3,0,3,0,0,0
61008,"MANUTENÇÃO DE AERONAVE,SUPERVISÃO GERENCIAL",2,0,2,0,0,0
61012,"APLICAÇÃO DE COMANDOS,CONDIÇÕES METEOROLÓGICAS ADVERSAS,JULGAMENTO DE PILOTAGEM",3,0,2,0,1,0
61070,"APLICAÇÃO DE COMANDOS,INFLUÊNCIA DO MEIO AMBIENTE,INFRAESTRUTURA AEROPORTUÁRIA,JULGAMENTO DE PILOTAGEM",4,1,3,0,0,0
61079,"ESQUECIMENTO DO PILOTO,MEMÓRIA",2,1,1,0,0,0
65270,MANUTENÇÃO DE AERONAVE,1,0,1,0,0,0
65292,"ATENÇÃO,PROCESSOS ORGANIZACIONAIS,SISTEMAS DE APOIO,SUPERVISÃO GERENCIAL",4,3,1,0,0,0
65469,"APLICAÇÃO DE COMANDOS,COORDENAÇÃO DE CABINE,JULGAMENTO DE PILOTAGEM,POUCA EXPERIÊNCIA DO PILOTO",4,0,4,0,0,0
65493,"APLICAÇÃO DE COMANDOS,INFRAESTRUTURA AEROPORTUÁRIA,JULGAMENTO DE PILOTAGEM,PLANEJAMENTO DE VOO",4,0,4,0,0,0
65536,"ATENÇÃO,JULGAMENTO DE PILOTAGEM",2,1,1,0,0,0
65622,"JULGAMENTO DE PILOTAGEM,PLANEJAMENTO DE VOO",2,0,2,0,0,0
65743,"CARACTERÍSTICAS DA TAREFA,INCONSCIÊNCIA",2,2,0,0,0,0
65745,"MANUTENÇÃO DE AERONAVE,SUPERVISÃO GERENCIAL",2,0,2,0,0,0
65771,"APLICAÇÃO DE COMANDOS,COMUNICAÇÃO,COORDENAÇÃO DE CABINE,DINÂMICA DE EQUIPE,JULGAMENTO DE PILOTAGEM,PROCESSO DECISÓRIO",6,3,3,0,0,0
65810,JULGAMENTO DE PILOTAGEM,1,0,1,0,0,0
65813,"JULGAMENTO DE PILOTAGEM,MANUTENÇÃO DE AERONAVE,PLANEJAMENTO DE VOO,PROCESSO DECISÓRIO",4,1,3,0,0,0
65815,"APLICAÇÃO DE COMANDOS,JULGAMENTO DE PILOTAGEM",2,0,2,0,0,0
65834,"APLICAÇÃO DE COMANDOS,JULGAMENTO DE PILOTAGEM",2,0,2,0,0,0
65867,"JULGAMENTO DE PILOTAGEM,PERCEPÇÃO,PROCESSO DECISÓRIO",3,2,1,0,0,0
65921,JULGAMENTO DE PILOTAGEM,1,0,1,0,0,0
65981,MANUTENÇÃO DE AERONAVE,1,0,1,0,0,0
66005,APLICAÇÃO DE COMANDOS,1,0,1,0,0,0
66049,"INDISCIPLINA DE VOO,PROCESSO DECISÓRIO",2,1,1,0,0,0
66065,"INFLUÊNCIA DO MEIO AMBIENTE,JULGAMENTO DE PILOTAGEM,PLANEJAMENTO DE VOO",3,1,2,0,0,0
66078,"ANSIEDADE,ATENÇÃO,ATITUDE,CONDIÇÕES METEOROLÓGICAS ADVERSAS,DESORIENTAÇÃO,FADIGA,FORMAÇÃO, CAPACITAÇÃO E TREINAMENTO,INDISCIPLINA DE VOO,JULGAMENTO DE PILOTAGEM,ORGANIZAÇÃO DO TRABALHO,PERCEPÇÃO,PLANEJAMENTO DE VOO,PROCESSO DECISÓRIO",13,9,3,0,1,0
66086,"ATITUDE,MANUTENÇÃO DE AERONAVE,MOTIVAÇÃO,PLANEJAMENTO DE VOO,PROCESSO DECISÓRIO,RELAÇÕES INTERPESSOAIS",6,4,2,0,0,0
66090,"APLICAÇÃO DE COMANDOS,FORMAÇÃO, CAPACITAÇÃO E TREINAMENTO,INSTRUÇÃO,JULGAMENTO DE PILOTAGEM,SUPERVISÃO GERENCIAL",5,1,4,0,0,0
66093,"ATITUDE,ESQUECIMENTO DO PILOTO,INDISCIPLINA DE VOO,MEMÓRIA,PERCEPÇÃO",5,3,2,0,0,0
66094,MANUTENÇÃO DE AERONAVE,1,0,1,0,0,0
66127,"APLICAÇÃO DE COMANDOS,INFRAESTRUTURA AEROPORTUÁRIA",2,0,2,0,0,0
66131,MANUTENÇÃO DE AERONAVE,1,0,1,0,0,0
66156,"INSTRUÇÃO,MANUTENÇÃO DE AERONAVE,PLANEJAMENTO GERENCIAL",3,0,3,0,0,0
66192,"JULGAMENTO DE PILOTAGEM,PLANEJAMENTO DE VOO,PROCESSO DECISÓRIO",3,1,2,0,0,0
66203,"ESQUECIMENTO DO PILOTO,MEMÓRIA,PROCESSOS ORGANIZACIONAIS",3,2,1,0,0,0
66204,"ORGANIZAÇÃO DO TRABALHO,PLANEJAMENTO DE VOO,PLANEJAMENTO GERENCIAL,PROCESSOS ORGANIZACIONAIS,SUPERVISÃO GERENCIAL",5,2,3,0,0,0
66215,"JULGAMENTO DE PILOTAGEM,PERCEPÇÃO,PLANEJAMENTO DE VOO,PROCESSO DECISÓRIO,SUPERVISÃO GERENCIAL",5,2,3,0,0,0
66216,"APLICAÇÃO DE COMANDOS,JULGAMENTO DE PILOTAGEM,PERCEPÇÃO",3,1,2,0,0,0
66221,"JULGAMENTO DE PILOTAGEM,MANUTENÇÃO DE AERONAVE,SUPERVISÃO GERENCIAL",3,0,3,0,0,0
66222,"CONDIÇÕES METEOROLÓGICAS ADVERSAS,PLANEJAMENTO DE VOO",2,0,1,0,1,0
66244,"ATITUDE,JULGAMENTO DE PILOTAGEM,PERCEPÇÃO,PLANEJAMENTO DE VOO,POUCA EXPERIÊNCIA DO PILOTO,PROCESSO DECISÓRIO,PUBLICAÇÕES (ATS)",7,3,4,0,0,0
66253,ATENÇÃO,1,1,0,0,0,0
66309,"CARACTERÍSTICAS DA TAREFA,CONDIÇÕES METEOROLÓGICAS ADVERSAS,CULTURA DO GRUPO DE TRABALHO,DESORIENTAÇÃO,ESTADO EMOCIONAL,ILUSÕES VISUAIS,PROCESSO DECISÓRIO",7,6,0,0,1,0
66332,"JULGAMENTO DE PILOTAGEM,PLANEJAMENTO DE VOO,SUPERVISÃO GERENCIAL",3,0,3,0,0,0
66334,"JULGAMENTO DE PILOTAGEM,PLANEJAMENTO DE VOO,PROCESSOS ORGANIZACIONAIS,SUPERVISÃO GERENCIAL",4,1,3,0,0,0
66335,"CULTURA ORGANIZACIONAL,JULGAMENTO DE PILOTAGEM,PLANEJAMENTO DE VOO,PLANEJAMENTO GERENCIAL,PROCESSO DECISÓRIO,SUPERVISÃO GERENCIAL",6,2,4,0,0,0
66349,"JULGAMENTO DE PILOTAGEM,MANUTENÇÃO DE AERONAVE,PROCESSO DECISÓRIO",3,1,2,0,0,0
66350,"MANUTENÇÃO DE AERONAVE,SUPERVISÃO GERENCIAL",2,0,2,0,0,0
66362,"JULGAMENTO DE PILOTAGEM,PLANEJAMENTO DE VOO",2,0,2,0,0,0
66394,MANUTENÇÃO DE AERONAVE,1,0,1,0,0,0
66431,"CULTURA ORGANIZACIONAL,FORMAÇÃO, CAPACITAÇÃO E TREINAMENTO,JULGAMENTO DE PILOTAGEM,PERCEPÇÃO,PROCESSO DECISÓRIO",5,4,1,0,0,0
66444,"APLICAÇÃO DE COMANDOS,OUTRO FATOR",2,0,1,0,0,1
66446,"APLICAÇÃO DE COMANDOS,JULGAMENTO DE PILOTAGEM,PROCESSO DECISÓRIO",3,1,2,0,0,0
66450,"COORDENAÇÃO DE CABINE,DINÂMICA DE EQUIPE,ESQUECIMENTO DO PILOTO,JULGAMENTO DE PILOTAGEM,MANUTENÇÃO DE AERONAVE,MEMÓRIA",6,2,4,0,0,0
66529,"ATITUDE,CULTURA ORGANIZACIONAL,FORMAÇÃO, CAPACITAÇÃO E TREINAMENTO,JULGAMENTO DE PILOTAGEM,OUTRO FATOR,PLANEJAMENTO DE VOO,PLANEJAMENTO GERENCIAL,PROCESSO DECISÓRIO,SISTEMAS DE APOIO,SUPERVISÃO GERENCIAL",10,5,4,0,0,1
66559,"APLICAÇÃO DE COMANDOS,COORDENAÇÃO DE CABINE",2,0,2,0,0,0
66645,ESQUECIMENTO DO PILOTO,1,0,1,0,0,0
66743,"CULTURA DO GRUPO DE TRABALHO,INDISCIPLINA DE VOO,JULGAMENTO DE PILOTAGEM,PLANEJAMENTO DE VOO,PROCESSO DECISÓRIO,PROCESSOS ORGANIZACIONAIS,SUPERVISÃO GERENCIAL",7,3,4,0,0,0
66810,"ATENÇÃO,ATITUDE,MOTIVAÇÃO,PERCEPÇÃO,PLANEJAMENTO DE VOO",5,4,1,0,0,0
66911,"CONDIÇÕES METEOROLÓGICAS ADVERSAS,JULGAMENTO DE PILOTAGEM,PROCESSO DECISÓRIO",3,1,1,0,1,0
77202,"ATITUDE,PERCEPÇÃO,PLANEJAMENTO DE VOO,PROCESSO DECISÓRIO",4,3,1,0,0,0
77248,"ESQUECIMENTO DO PILOTO,PERCEPÇÃO,PESSOAL DE APOIO,SUPERVISÃO GERENCIAL",4,1,3,0,0,0
77259,"ATENÇÃO,COORDENAÇÃO DE CABINE,MEMÓRIA,POUCA EXPERIÊNCIA DO PILOTO",4,2,2,0,0,0
77278,"APLICAÇÃO DE COMANDOS,ATENÇÃO,PERCEPÇÃO,PROCESSO DECISÓRIO",4,3,1,0,0,0
77297,APLICAÇÃO DE COMANDOS,1,0,1,0,0,0
77304,"JULGAMENTO DE PILOTAGEM,PROCESSO DECISÓRIO",2,1,1,0,0,0
77320,"APLICAÇÃO DE COMANDOS,ATENÇÃO,ESTADO EMOCIONAL,FRASEOLOGIA DO ÓRGÃO ATS,JULGAMENTO DE PILOTAGEM,MOTIVAÇÃO,PERCEPÇÃO,PROCESSO DECISÓRIO",8,5,3,0,0,0
77337,OUTRO FATOR,1,0,0,0,0,1
77349,"ATITUDE,MEMÓRIA",2,2,0,0,0,0
77371,INFRAESTRUTURA AEROPORTUÁRIA,1,0,1,0,0,0
77391,"CULTURA DO GRUPO DE TRABALHO,JULGAMENTO DE PILOTAGEM,PLANEJAMENTO DE VOO,PROCESSO DECISÓRIO,SUPERVISÃO GERENCIAL",5,2,3,0,0,0
77407,"ÁLCOOL,APLICAÇÃO DE COMANDOS,ATENÇÃO,ATITUDE,CULTURA DO GRUPO DE TRABALHO,INDISCIPLINA DE VOO,JULGAMENTO DE PILOTAGEM,MOTIVAÇÃO,PERCEPÇÃO,PROCESSO DECISÓRIO,PROCESSOS ORGANIZACIONAIS",11,8,3,0,0,0
77413,"INFRAESTRUTURA AEROPORTUÁRIA,JULGAMENTO DE PILOTAGEM,PLANEJAMENTO DE VOO",3,0,3,0,0,0
77431,"APLICAÇÃO DE COMANDOS,INFRAESTRUTURA AEROPORTUÁRIA",2,0,2,0,0,0
77470,"CONDIÇÕES METEOROLÓGICAS ADVERSAS,INFRAESTRUTURA AEROPORTUÁRIA,JULGAMENTO DE PILOTAGEM,POUCA EXPERIÊNCIA DO PILOTO,PROCESSO DECISÓRIO",5,1,3,0,1,0
77487,"APLICAÇÃO DE COMANDOS,JULGAMENTO DE PILOTAGEM,PROCESSO DECISÓRIO,SUPERVISÃO GERENCIAL",4,1,3,0,0,0
77495,MANUTENÇÃO DE AERONAVE,1,0,1,0,0,0
77505,"JULGAMENTO DE PILOTAGEM,PLANEJAMENTO DE VOO,PROCESSO DECISÓRIO",3,1,2,0,0,0
77521,"CONDIÇÕES METEOROLÓGICAS ADVERSAS,JULGAMENTO DE PILOTAGEM,PLANEJAMENTO DE VOO,POUCA EXPERIÊNCIA DO PILOTO,PROCESSO DECISÓRIO",5,1,3,0,1,0
77544,"MANUTENÇÃO DE AERONAVE,PROCESSOS ORGANIZACIONAIS,SUPERVISÃO GERENCIAL",3,1,2,0,0,0
77554,"CULTURA ORGANIZACIONAL,INDISCIPLINA DE VOO,JULGAMENTO DE PILOTAGEM,PROCESSO DECISÓRIO,SUPERVISÃO GERENCIAL",5,2,3,0,0,0
77602,"APLICAÇÃO DE COMANDOS,JULGAMENTO DE PILOTAGEM,MANUTENÇÃO DE AERONAVE,PROCESSO DECISÓRIO,SISTEMAS DE APOIO",5,2,3,0,0,0
77638,"MANUTENÇÃO DE AERONAVE,SUPERVISÃO GERENCIAL",2,0,2,0,0,0
77639,"MANUTENÇÃO DE AERONAVE,SUPERVISÃO GERENCIAL",2,0,2,0,0,0
77649,JULGAMENTO DE PILOTAGEM,1,0,1,0,0,0
77657,"JULGAMENTO DE PILOTAGEM,PERCEPÇÃO,PLANEJAMENTO DE VOO",3,1,2,0,0,0
77660,"APLICAÇÃO DE COMANDOS,JULGAMENTO DE PILOTAGEM,PLANEJAMENTO DE VOO,SUPERVISÃO GERENCIAL",4,0,4,0,0,0
77672,"APLICAÇÃO DE COMANDOS,JULGAMENTO DE PILOTAGEM",2,0,2,0,0,0
77685,"APLICAÇÃO DE COMANDOS,JULGAMENTO DE PILOTAGEM,SUPERVISÃO GERENCIAL",3,0,3,0,0,0
77695,"DIETA INADEQUADA,FADIGA,INCONSCIÊNCIA",3,3,0,0,0,0
77697,"ATITUDE,INDISCIPLINA DE VOO,JULGAMENTO DE PILOTAGEM,PERCEPÇÃO,PROCESSO DECISÓRIO",5,3,2,0,0,0
77700,"APLICAÇÃO DE COMANDOS,COORDENAÇÃO DE CABINE,CULTURA DO GRUPO DE TRABALHO,DINÂMICA DE EQUIPE,JULGAMENTO DE PILOTAGEM,MANUTENÇÃO DE AERONAVE,PLANEJAMENTO DE VOO,POUCA EXPERIÊNCIA DO PILOTO,PROCESSO DECISÓRIO",9,3,6,0,0,0
77717,"APLICAÇÃO DE COMANDOS,ATITUDE,JULGAMENTO DE PILOTAGEM,PLANEJAMENTO DE VOO",4,1,3,0,0,0
77733,"ATITUDE,CARACTERÍSTICAS DA TAREFA,FABRICAÇÃO,INDISCIPLINA DE VOO,JULGAMENTO DE PILOTAGEM,PLANEJAMENTO DE VOO,PROCESSO DECISÓRIO",7,3,3,1,0,0
77741,"PLANEJAMENTO DE VOO,SUPERVISÃO GERENCIAL",2,0,2,0,0,0
77742,"ATENÇÃO,PLANEJAMENTO DE VOO",2,1,1,0,0,0
77770,"JULGAMENTO DE PILOTAGEM,PLANEJAMENTO DE VOO",2,0,2,0,0,0
77789,"APLICAÇÃO DE COMANDOS,FADIGA,MANUTENÇÃO DE AERONAVE",3,1,2,0,0,0
77807,"COLISÃO COM FAUNA (NÃO-AVE),INFRAESTRUTURA AEROPORTUÁRIA",2,0,2,0,0,0
77808,"APLICAÇÃO DE COMANDOS,INSTRUÇÃO,JULGAMENTO DE PILOTAGEM,MANUTENÇÃO DE AERONAVE",4,0,4,0,0,0
77840,"ATITUDE,CONDIÇÕES METEOROLÓGICAS ADVERSAS,CULTURA ORGANIZACIONAL,INDISCIPLINA DE VOO,JULGAMENTO DE PILOTAGEM,PERCEPÇÃO,PLANEJAMENTO DE VOO,PROCESSO DECISÓRIO",8,4,3,0,1,0
77893,"JULGAMENTO DE PILOTAGEM,PLANEJAMENTO DE VOO",2,0,2,0,0,0
77895,"APLICAÇÃO DE COMANDOS,ATITUDE,CONDIÇÕES METEOROLÓGICAS ADVERSAS,DESORIENTAÇÃO,ESTADO EMOCIONAL,PROCESSO DECISÓRIO",6,4,1,0,1,0
77977,MANUTENÇÃO DE AERONAVE,1,0,1,0,0,0
78080,"FORMAÇÃO, CAPACITAÇÃO E TREINAMENTO,MOTIVAÇÃO,PERCEPÇÃO,PLANEJAMENTO DE VOO,POUCA EXPERIÊNCIA DO PILOTO,PROCESSO DECISÓRIO",6,4,2,0,0,0
78176,"ATENÇÃO,MEMÓRIA",2,2,0,0,0,0
78390,"APLICAÇÃO DE COMANDOS,ATITUDE,INDISCIPLINA DE VOO,JULGAMENTO DE PILOTAGEM,MANUTENÇÃO DE AERONAVE,POUCA EXPERIÊNCIA DO PILOTO,PROCESSO DECISÓRIO",7,2,5,0,0,0
78397,MANUTENÇÃO DE AERONAVE,1,0,1,0,0,0
78426,"INFRAESTRUTURA AEROPORTUÁRIA,JULGAMENTO DE PILOTAGEM,PLANEJAMENTO DE VOO",3,0,3,0,0,0
78429,"APLICAÇÃO DE COMANDOS,JULGAMENTO DE PILOTAGEM,PLANEJAMENTO DE VOO,POUCA EXPERIÊNCIA DO PILOTO",4,0,4,0,0,0
78432,"APLICAÇÃO DE COMANDOS,CONDIÇÕES METEOROLÓGICAS ADVERSAS,DESORIENTAÇÃO,JULGAMENTO DE PILOTAGEM,POUCA EXPERIÊNCIA DO PILOTO",5,1,3,0,1,0
78479,"ATENÇÃO,JULGAMENTO DE PILOTAGEM,SUPERVISÃO GERENCIAL",3,1,2,0,0,0
78485,"JULGAMENTO DE PILOTAGEM,PROCESSO DECISÓRIO",2,1,1,0,0,0
78488,"ATITUDE,INCONSCIÊNCIA,INTOXICAÇÃO ALIMENTAR,PERCEPÇÃO",4,4,0,0,0,0
78497,"ATENÇÃO,COMUNICAÇÃO,COORDENAÇÃO DE CABINE,DINÂMICA DE EQUIPE,INFRAESTRUTURA AEROPORTUÁRIA,JULGAMENTO DE PILOTAGEM,PERCEPÇÃO,PROCESSO DECISÓRIO",8,5,3,0,0,0
78513,"PERCEPÇÃO,PLANEJAMENTO DE VOO,SUPERVISÃO GERENCIAL",3,1,2,0,0,0
78527,"JULGAMENTO DE PILOTAGEM,PERCEPÇÃO",2,1,1,0,0,0
78550,"APLICAÇÃO DE COMANDOS,JULGAMENTO DE PILOTAGEM",2,0,2,0,0,0
78609,"JULGAMENTO DE PILOTAGEM,PLANEJAMENTO DE VOO",2,0,2,0,0,0
78612,"APLICAÇÃO DE COMANDOS,JULGAMENTO DE PILOTAGEM",2,0,2,0,0,0
78620,OUTRO FATOR,1,0,0,0,0,1
78655,"APLICAÇÃO DE COMANDOS,JULGAMENTO DE PILOTAGEM,PLANEJAMENTO DE VOO",3,0,3,0,0,0
